cell,method,selectivity,n_paired,mean_delta_pct_h2h,median_delta_pct_h2h,wilcoxon_p,significant_05
DEEP_sf1,HDBSCAN,0.01,484,10.15903595554335,-2.426403645833328,0.22866553528115685,False
DEEP_sf1,HDBSCAN,0.05,500,0.4309999782484746,-1.0046418700091735,0.11582274775615148,False
DEEP_sf1,HDBSCAN,0.1,500,-1.4018220980742981,-2.0354066096416847,0.00014074520904189668,True
DEEP_sf1,HDBSCAN,0.3,500,0.002285444139223188,-0.054756249471676885,0.579728997565921,False
DEEP_sf1,HDBSCAN,0.5,500,-0.015040905651227902,-0.2452107129441064,0.4914217934719828,False
DEEP_sf1,MB_partial,0.01,475,16.800044586728493,-1.2944598684210353,0.9087674944992568,False
DEEP_sf1,MB_partial,0.05,500,-0.03763890559560673,-2.139935622258772,0.01059610617898935,True
DEEP_sf1,MB_partial,0.1,500,-0.948126742946967,-0.7465479267189372,0.005645935913782539,True
DEEP_sf1,MB_partial,0.3,500,-0.7330311385946267,-0.7091272536233195,0.0016814787961601763,True
DEEP_sf1,MB_partial,0.5,500,-0.383322656700329,-0.23858558011997516,0.029521582000792832,True
DEEP_sf1,Hilbert,0.01,485,14.412220131279502,-0.9304929642183044,0.9593238932721887,False
DEEP_sf1,Hilbert,0.05,500,0.5683180499580345,-0.789565822877365,0.08854796815496677,False
DEEP_sf1,Hilbert,0.1,500,0.09448969572538206,-1.0131529297139583,0.15158611046425804,False
DEEP_sf1,Hilbert,0.3,500,-0.45341274888239697,-0.3245024337051655,0.02205772619805623,True
DEEP_sf1,Hilbert,0.5,500,-0.2738594243687021,-0.2695785338172587,0.04684132788594982,True
DEEP_sf1,sparse_rp,0.01,484,14.314692495121356,0.42284664859374854,0.7315865696825898,False
DEEP_sf1,sparse_rp,0.05,500,0.5267583912249895,-2.1958509124218404,0.017239200016336494,True
DEEP_sf1,sparse_rp,0.1,500,0.26587094732088085,-0.17232889326945305,0.2564649116055636,False
DEEP_sf1,sparse_rp,0.3,500,0.5403432346365107,0.25673872402733755,0.2423525553556546,False
DEEP_sf1,sparse_rp,0.5,500,0.040980661461421104,-0.30736837888216023,0.6350858621448392,False
DEEP_sf10,HDBSCAN,0.01,477,9.340665441154236,1.0570008771929782,0.5048929678108017,False
DEEP_sf10,HDBSCAN,0.05,500,0.6807312126891124,-1.6767629324463345,0.0446601434716733,True
DEEP_sf10,HDBSCAN,0.1,500,-0.6074642411529746,-1.7004765478385528,0.006135687156909877,True
DEEP_sf10,HDBSCAN,0.3,500,-0.5409401817071501,-0.5365034493465706,0.017886782473335448,True
DEEP_sf10,HDBSCAN,0.5,500,-0.46970126493253533,-0.3845164350202718,0.0109692049618946,True
DEEP_sf10,MB_partial,0.01,480,14.23676494842047,2.1822828589230956,0.28319559199950506,False
DEEP_sf10,MB_partial,0.05,500,1.2867218268701117,0.41461117241408396,0.6062608468719158,False
DEEP_sf10,MB_partial,0.1,500,-0.965202688476235,-1.4895576771702181,0.001011117183368185,True
DEEP_sf10,MB_partial,0.3,500,-0.7036383266526327,-0.44829951524191847,0.00650946071220643,True
DEEP_sf10,MB_partial,0.5,500,-0.19856426507154076,-0.09559378340342456,0.2078627214886971,False
DEEP_sf10,Hilbert,0.01,479,13.727178948243976,0.7037342125328122,0.5142394024476271,False
DEEP_sf10,Hilbert,0.05,500,2.9629871611192495,1.3926498695379896,0.5884412408025005,False
DEEP_sf10,Hilbert,0.1,500,-0.18214235567752707,-1.029847127563404,0.07324850372525592,False
DEEP_sf10,Hilbert,0.3,500,-0.7920673513362635,-0.7028152989909371,0.002667020325216777,True
DEEP_sf10,Hilbert,0.5,500,-0.3474891906743206,-0.30408348551285547,0.028184857217290218,True
DEEP_sf10,sparse_rp,0.01,479,11.527408127415354,0.3742020691173313,0.8765122354732813,False
DEEP_sf10,sparse_rp,0.05,500,3.0625090776383117,0.8014842659159576,0.21055558563345012,False
DEEP_sf10,sparse_rp,0.1,500,0.5522423416879532,0.1412057769001876,0.6750680406153708,False
DEEP_sf10,sparse_rp,0.3,500,-0.031326290660037476,-0.00832454554227819,0.6911926680170699,False
DEEP_sf10,sparse_rp,0.5,500,-0.019454524562619212,0.10696648691341455,0.5432397540267625,False
SIFT_sf1,HDBSCAN,0.01,465,10.758393276747944,-2.588984374999982,0.044651858555135766,True
SIFT_sf1,HDBSCAN,0.05,500,1.4420833676081761,-0.7153740677087177,0.22891518750457385,False
SIFT_sf1,HDBSCAN,0.1,500,-1.837737384883933,-2.069156974352685,7.000716861638545e-06,True
SIFT_sf1,HDBSCAN,0.3,500,-1.4364576125804476,-1.311397733699923,1.4056961754801062e-08,True
SIFT_sf1,HDBSCAN,0.5,500,-0.9147149124758837,-0.7374901289460206,1.4184494700306355e-08,True
SIFT_sf1,MB_partial,0.01,470,18.484644948164643,0.5956851226051353,0.9139094220516958,False
SIFT_sf1,MB_partial,0.05,500,2.0137197518683,-0.6228801441377417,0.9015133342586283,False
SIFT_sf1,MB_partial,0.1,500,-0.2966337015841159,-0.9644867372814367,0.07998879096572246,False
SIFT_sf1,MB_partial,0.3,500,-1.1213980636995526,-1.0986416777098154,1.4074746352653033e-05,True
SIFT_sf1,MB_partial,0.5,500,-0.8394577904744506,-0.7392044965964086,4.343845364413139e-06,True
SIFT_sf1,Hilbert,0.01,478,7.785685910282529,-2.5019731085526233,0.009436011287112364,True
SIFT_sf1,Hilbert,0.05,500,1.3626979086110893,-0.04609470956999756,0.583758855484811,False
SIFT_sf1,Hilbert,0.1,500,-1.1365678814613802,-1.3533907493371324,0.002848704838223137,True
SIFT_sf1,Hilbert,0.3,500,-1.4541053559415704,-1.2522874071327554,8.368382890045975e-09,True
SIFT_sf1,Hilbert,0.5,500,-1.169493788203266,-0.8386093422079861,3.167600024287357e-11,True
SIFT_sf1,sparse_rp,0.01,477,15.897171327487065,0.0016535361132991669,0.766997145997067,False
SIFT_sf1,sparse_rp,0.05,500,2.701595427831375,0.8207029808934869,0.24851352489808487,False
SIFT_sf1,sparse_rp,0.1,500,-0.17297208463240105,-0.4702721475561453,0.10165110614168787,False
SIFT_sf1,sparse_rp,0.3,500,0.16922353761081133,0.06482091604053994,0.9211383604684158,False
SIFT_sf1,sparse_rp,0.5,500,-0.08475280326047975,0.001963004149947485,0.5350628213402648,False
SIFT_sf10,HDBSCAN,0.01,475,14.407576285373677,0.5685358347409025,0.4787754633779764,False
SIFT_sf10,HDBSCAN,0.05,500,0.9417145917655164,-0.16948114259370886,0.4004150050546138,False
SIFT_sf10,HDBSCAN,0.1,500,-1.5383405719217471,-2.123767348217654,0.000256301063234323,True
SIFT_sf10,HDBSCAN,0.3,500,-1.8531314281852698,-1.254112089243268,3.214466461712861e-11,True
SIFT_sf10,HDBSCAN,0.5,500,-1.2514762368845236,-0.9155458911583312,1.4528822717110638e-10,True
SIFT_sf10,MB_partial,0.01,467,17.411954948665574,0.18180927158789328,0.5752611137094761,False
SIFT_sf10,MB_partial,0.05,500,2.070716240149906,-0.6780415464760492,0.34616919589921413,False
SIFT_sf10,MB_partial,0.1,500,-1.182119910518887,-1.0793978956360242,0.004325926510651754,True
SIFT_sf10,MB_partial,0.3,500,-1.9673099499111282,-1.8401374568573148,1.0918616690603617e-12,True
SIFT_sf10,MB_partial,0.5,500,-1.108244758730712,-0.972950051523044,3.079108561142003e-08,True
SIFT_sf10,Hilbert,0.01,479,9.397622364465917,-0.6717097039473777,0.14965297459410676,False
SIFT_sf10,Hilbert,0.05,500,-0.08676716563646147,-1.6483218053801245,0.037931471582245614,True
SIFT_sf10,Hilbert,0.1,500,-1.9294557052799082,-1.0662243652655743,0.0001507447189636439,True
SIFT_sf10,Hilbert,0.3,500,-1.7878023051546954,-1.4817688885505995,8.976456344053213e-11,True
SIFT_sf10,Hilbert,0.5,500,-1.3582476879441745,-1.0057438522864932,6.857049568156446e-14,True
SIFT_sf10,sparse_rp,0.01,481,11.462664685328516,0.3096383654405909,0.6105140123112858,False
SIFT_sf10,sparse_rp,0.05,500,2.7617249089044877,0.08114032752928627,0.6721314633259059,False
SIFT_sf10,sparse_rp,0.1,500,0.10462093857755707,-0.4962324896072,0.23974530118324855,False
SIFT_sf10,sparse_rp,0.3,500,-0.024191906636829897,-0.4582575075473306,0.25581719599113995,False
SIFT_sf10,sparse_rp,0.5,500,-0.059284834766476766,-0.0385535317933321,0.7347865923057938,False
SSN_sf1,HDBSCAN,0.01,481,18.16090861198282,-0.6602335526315883,0.5854749072193881,False
SSN_sf1,HDBSCAN,0.05,500,2.6908858781329825,-0.4331666169700522,0.8532243002243299,False
SSN_sf1,HDBSCAN,0.1,500,0.7472546074679062,-0.0419443194811509,0.6816366649844511,False
SSN_sf1,HDBSCAN,0.3,500,0.3961537385547743,-0.5168314724420598,0.8112318036741306,False
SSN_sf1,HDBSCAN,0.5,500,0.254432522846424,0.23197198220094029,0.30743121526140804,False
SSN_sf1,MB_partial,0.01,480,19.102984200280495,-0.26826441975806253,0.32283756066685576,False
SSN_sf1,MB_partial,0.05,500,2.9753032665856183,0.4444521736260369,0.7918596174801632,False
SSN_sf1,MB_partial,0.1,500,0.9372145729727462,-0.07933227301559075,0.8102723285875224,False
SSN_sf1,MB_partial,0.3,500,0.38605349886368384,0.07821614282224418,0.6541716109242901,False
SSN_sf1,MB_partial,0.5,500,0.27292300182496804,0.06663344872797819,0.4144256090196069,False
SSN_sf1,Hilbert,0.01,478,15.348913130748716,-0.09795854536992964,0.6297811912164833,False
SSN_sf1,Hilbert,0.05,500,2.328979567445525,-0.2951571876433684,0.950908808630859,False
SSN_sf1,Hilbert,0.1,500,1.7170166628859997,0.3568329754747175,0.27113801528838355,False
SSN_sf1,Hilbert,0.3,500,0.2090302791237802,-0.0016521533644236056,0.8442556952858142,False
SSN_sf1,Hilbert,0.5,500,0.2928588674678806,0.10678746336366898,0.48192578135193775,False
SSN_sf1,sparse_rp,0.01,481,13.677148793118826,0.4842084703947567,0.275428528959228,False
SSN_sf1,sparse_rp,0.05,500,2.968777574002319,0.7339619556618955,0.36468834942569195,False
SSN_sf1,sparse_rp,0.1,500,1.289187436792552,-0.03644909883486653,0.7354859414062307,False
SSN_sf1,sparse_rp,0.3,500,0.0700327585175073,0.032632769539697265,0.8316854781046794,False
SSN_sf1,sparse_rp,0.5,500,0.009593740809701587,0.0349692220995534,0.6049646182672372,False
SSN_sf10,HDBSCAN,0.01,480,10.410389889949698,-0.44270250166290404,0.09752994694242255,False
SSN_sf10,HDBSCAN,0.05,500,2.3092034183645618,1.5860746899107976,0.33256445551823977,False
SSN_sf10,HDBSCAN,0.1,500,0.12419778586461393,-0.8511213222056291,0.17236259233293272,False
SSN_sf10,HDBSCAN,0.3,500,-0.1308333092416178,-0.651302273093396,0.10004497883748752,False
SSN_sf10,HDBSCAN,0.5,500,-0.23330667201036248,-0.2375421830141315,0.12137238258427067,False
SSN_sf10,MB_partial,0.01,481,9.368958157479339,-1.4112978764623374,0.09248267360069504,False
SSN_sf10,MB_partial,0.05,500,2.3834095981564865,0.08416707624109414,0.7797271070107071,False
SSN_sf10,MB_partial,0.1,500,0.8300812697373147,0.17737074886248028,0.904698629120205,False
SSN_sf10,MB_partial,0.3,500,0.011629334959104995,-0.41877609294233814,0.309635895270842,False
SSN_sf10,MB_partial,0.5,500,-0.16207166775192,-0.14121294749020252,0.3412814114323618,False
SSN_sf10,Hilbert,0.01,479,12.042472803785017,-0.3088155917634721,0.311288129855142,False
SSN_sf10,Hilbert,0.05,500,3.996831843970454,0.8863080212078753,0.33426526756021724,False
SSN_sf10,Hilbert,0.1,500,0.928053116941223,-0.3891099006337518,0.5782476093143969,False
SSN_sf10,Hilbert,0.3,500,0.10494688884123517,-0.11133103794489103,0.6721314633259059,False
SSN_sf10,Hilbert,0.5,500,-0.14323053287643245,-0.16982343658259524,0.17727825030100908,False
SSN_sf10,sparse_rp,0.01,477,9.150839920268844,0.013897106465907182,0.22936901690067302,False
SSN_sf10,sparse_rp,0.05,500,2.644091599009415,0.23663035262671286,0.31870894591390697,False
SSN_sf10,sparse_rp,0.1,500,1.1337933595740006,0.4258186651846,0.7278052809174791,False
SSN_sf10,sparse_rp,0.3,500,-0.221174400510574,-0.13523923747380165,0.19265103244430037,False
SSN_sf10,sparse_rp,0.5,500,-0.42493780733424125,-0.1743895947447782,0.027050298924308266,True
WIKI_sf1,HDBSCAN,0.01,484,12.88056515322204,-1.3068161494557002,0.7189168907173441,False
WIKI_sf1,HDBSCAN,0.05,500,2.1461455611753437,-0.49702852333391934,0.9285107976491057,False
WIKI_sf1,HDBSCAN,0.1,500,0.06313549683655639,-0.7337172371555076,0.1862852316570256,False
WIKI_sf1,HDBSCAN,0.3,500,0.16309581442523055,0.08039169931109395,0.8507984306051446,False
WIKI_sf1,HDBSCAN,0.5,500,-0.11270548281481726,-0.29454262987082136,0.4694845866723907,False
WIKI_sf1,MB_partial,0.01,474,13.94320040367083,-1.1838209210526358,0.4397096757257618,False
WIKI_sf1,MB_partial,0.05,500,1.5338164099549572,-0.9878594381072883,0.4655034052007153,False
WIKI_sf1,MB_partial,0.1,500,0.10214556461985279,-0.37577633674591665,0.31855881784293505,False
WIKI_sf1,MB_partial,0.3,500,0.37741331789918653,-0.08976741331353716,0.9765530766892903,False
WIKI_sf1,MB_partial,0.5,500,0.08117731916254395,-0.03346890014826945,0.9797608602313531,False
WIKI_sf1,Hilbert,0.01,485,14.766850491658904,-0.07742994047050185,0.7897249312275746,False
WIKI_sf1,Hilbert,0.05,500,1.2453275685031626,-0.9549588021250476,0.5405754398069467,False
WIKI_sf1,Hilbert,0.1,500,0.35606185943809,-0.45881597595510526,0.5389391153463357,False
WIKI_sf1,Hilbert,0.3,500,-0.27495504713112007,-0.24706425186564762,0.12790071535360176,False
WIKI_sf1,Hilbert,0.5,500,-0.3691017253216718,-0.41081535727391394,0.0355356977992048,True
WIKI_sf1,sparse_rp,0.01,483,18.30615322111993,0.7334358376864717,0.22659780038517774,False
WIKI_sf1,sparse_rp,0.05,500,2.9653347692805583,0.32043176122123684,0.4645582776227517,False
WIKI_sf1,sparse_rp,0.1,500,0.8222555346763837,-0.23361034370450828,0.8939241215563543,False
WIKI_sf1,sparse_rp,0.3,500,0.5996649423347292,0.7129624332570632,0.08825891958058822,False
WIKI_sf1,sparse_rp,0.5,500,0.15217751474771085,0.20043698321591868,0.6317811856952038,False
WIKI_sf10,HDBSCAN,0.01,468,15.298037721227002,1.0732570878978196,0.8630354754110189,False
WIKI_sf10,HDBSCAN,0.05,500,-1.1457883686056496,-2.539790739084632,0.000348809608068925,True
WIKI_sf10,HDBSCAN,0.1,500,-0.8897100568169927,-1.088959385138627,0.004738680070409031,True
WIKI_sf10,HDBSCAN,0.3,500,-0.09615855755822521,-0.26183385391309183,0.40110870273784116,False
WIKI_sf10,HDBSCAN,0.5,500,0.11679165542803085,-0.05387691944490906,0.5091219690184197,False
WIKI_sf10,MB_partial,0.01,457,976.2408625326311,-0.061405278592405,0.6882287730554425,False
WIKI_sf10,MB_partial,0.05,500,3.593215827398632,1.247684508855603,0.6293624188469131,False
WIKI_sf10,MB_partial,0.1,500,1.0142559011843213,-0.041651329999016634,0.6848164209215135,False
WIKI_sf10,MB_partial,0.3,500,0.4581510724925584,0.15073865937369643,0.41993172792385147,False
WIKI_sf10,MB_partial,0.5,500,0.602617839806522,0.37028964218309446,0.01977872666810008,True
WIKI_sf10,Hilbert,0.01,475,14.214532794971712,0.27631226973682743,0.8539473451703921,False
WIKI_sf10,Hilbert,0.05,500,0.2963103219235111,-0.6589401259883614,0.1930739801173046,False
WIKI_sf10,Hilbert,0.1,500,-1.0612178842297786,-0.7029310067808676,0.004510515738648137,True
WIKI_sf10,Hilbert,0.3,500,-0.4424637683807364,-0.4407031729432759,0.05588449299542727,False
WIKI_sf10,Hilbert,0.5,500,-0.14126778235446377,-0.10733117133670456,0.4160197447283164,False
WIKI_sf10,sparse_rp,0.01,472,12.887100651254563,0.648540713228828,0.7896331782616255,False
WIKI_sf10,sparse_rp,0.05,500,0.9696522787520617,-1.117738722381131,0.1795742054344296,False
WIKI_sf10,sparse_rp,0.1,500,-0.01039581736565782,-0.5328196024394385,0.09201668299982824,False
WIKI_sf10,sparse_rp,0.3,500,0.41237854799420226,0.30966225399371283,0.6662733303380209,False
WIKI_sf10,sparse_rp,0.5,500,0.5167374379030221,0.416143111487126,0.032134882467391386,True
YFCC_sf1,HDBSCAN,0.01,479,12.293321934953997,-1.3476728566210592,0.33935180210023774,False
YFCC_sf1,HDBSCAN,0.05,500,0.2715925858306443,-0.8699143939402203,0.09201668299982824,False
YFCC_sf1,HDBSCAN,0.1,500,-0.4409309298472521,-1.1007485130234427,0.0186174489986819,True
YFCC_sf1,HDBSCAN,0.3,500,-1.2668711856926815,-1.1147950177573542,7.734482818693109e-07,True
YFCC_sf1,HDBSCAN,0.5,500,-0.7869270258605413,-0.8243168001219271,1.4035146142897755e-05,True
YFCC_sf1,MB_partial,0.01,482,12.577923242844053,-2.4568141883195356,0.33601193535005414,False
YFCC_sf1,MB_partial,0.05,500,1.4593310411608427,-0.6717426962116706,0.6764250576259313,False
YFCC_sf1,MB_partial,0.1,500,-0.2532263565804456,-1.4671802764703465,0.02452240444478995,True
YFCC_sf1,MB_partial,0.3,500,-0.8793775305277687,-0.4938099774574032,0.0005339109769395506,True
YFCC_sf1,MB_partial,0.5,500,-0.8175226499695679,-0.49727921578741796,2.032172227411263e-05,True
YFCC_sf1,Hilbert,0.01,479,9.283420081429925,-0.034935159502130934,0.28154408349366533,False
YFCC_sf1,Hilbert,0.05,500,0.6013001507778856,-0.6652005902307323,0.19928356032737282,False
YFCC_sf1,Hilbert,0.1,500,0.05579395371557882,-0.14009734144616845,0.30319837112351034,False
YFCC_sf1,Hilbert,0.3,500,-0.4201630348026912,-0.03121871899741859,0.1715856416022178,False
YFCC_sf1,Hilbert,0.5,500,-0.7554313748856553,-0.7042833153148033,1.903949037310332e-05,True
YFCC_sf1,sparse_rp,0.01,485,19.161581961884192,0.6742625618546179,0.18423291839797296,False
YFCC_sf1,sparse_rp,0.05,500,3.3016639531911514,-0.04703879251368397,0.4961092991028092,False
YFCC_sf1,sparse_rp,0.1,500,2.2253750957763767,0.9900599971107553,0.03685644262786819,True
YFCC_sf1,sparse_rp,0.3,500,0.0026229894947700245,-0.007609324959238022,0.7213096934504428,False
YFCC_sf1,sparse_rp,0.5,500,-0.11809997963142356,-0.3314843129686976,0.2655197849312604,False
YFCC_sf10,HDBSCAN,0.01,477,16.407907654405857,1.9789005654730047,0.48392088186379645,False
YFCC_sf10,HDBSCAN,0.05,500,-0.39194976928370684,-2.2449389021149972,0.0212275291275017,True
YFCC_sf10,HDBSCAN,0.1,500,-0.2921563866208212,-0.2681171330489257,0.0646175700758833,False
YFCC_sf10,HDBSCAN,0.3,500,-0.8635003659074678,-0.7445697014533028,0.0006007530720434804,True
YFCC_sf10,HDBSCAN,0.5,500,-0.8104197543236126,-0.5403633954356899,3.057534952514312e-06,True
YFCC_sf10,MB_partial,0.01,479,15.005961368261165,-0.7565238057071566,0.8096781815517591,False
YFCC_sf10,MB_partial,0.05,500,0.5145639084306272,-1.0426704728330243,0.14010297214548773,False
YFCC_sf10,MB_partial,0.1,500,-0.06013702907444177,-0.2600718826023184,0.2227510372823217,False
YFCC_sf10,MB_partial,0.3,500,-0.9365348710945453,-0.7527306943045773,3.9347228125921766e-05,True
YFCC_sf10,MB_partial,0.5,500,-0.5955661727884601,-0.3637425698209519,0.0004088630142630081,True
YFCC_sf10,Hilbert,0.01,480,13.020333363345637,0.20484188719279225,0.7952539007599391,False
YFCC_sf10,Hilbert,0.05,500,-0.5139450215486436,-2.5642055838648536,0.0012973370497716796,True
YFCC_sf10,Hilbert,0.1,500,0.31075151881688673,0.049962702133460914,0.7797271070107071,False
YFCC_sf10,Hilbert,0.3,500,-0.7867654494551943,-0.8661352406678262,0.00012715001104679393,True
YFCC_sf10,Hilbert,0.5,500,-0.7158555811913028,-0.5468172937303115,3.955869022263302e-05,True
YFCC_sf10,sparse_rp,0.01,479,15.443783190144778,0.10410105263159465,0.4094859034271572,False
YFCC_sf10,sparse_rp,0.05,500,-0.20597810101050754,-1.9699679456658457,0.007601304947101574,True
YFCC_sf10,sparse_rp,0.1,500,0.27219315857767157,-0.24965366674739914,0.55873729650023,False
YFCC_sf10,sparse_rp,0.3,500,0.5030508713294694,0.44338213825274364,0.2078627214886971,False
YFCC_sf10,sparse_rp,0.5,500,0.2579897250278261,0.002687544819759072,0.7733254633272206,False
