cell,method,selectivity,n_paired,mean_delta_pct,median_delta_pct,std_delta_pct
DEEP_sf1,HDBSCAN,0.01,500,12.563246924448293,-4.650245180603098,68.70812500498154
DEEP_sf1,HDBSCAN,0.05,500,-0.9057684913054238,-2.050239729854852,19.65608615209101
DEEP_sf1,HDBSCAN,0.1,500,-2.2305256607045685,-2.385452650378429,12.079946184153428
DEEP_sf1,HDBSCAN,0.3,500,-1.2938008971444073,-1.1254337267888,6.51098800313565
DEEP_sf1,HDBSCAN,0.5,500,-0.5175426584994884,-0.6441648118116639,4.3796986404946345
DEEP_sf1,MB_partial,0.01,500,16.24741605235663,-1.4196236129198274,72.8585461159233
DEEP_sf1,MB_partial,0.05,500,-1.2074941535285237,-2.698666415053459,20.218901303597193
DEEP_sf1,MB_partial,0.1,500,-1.7190443334648449,-2.39165447784898,12.335183874118663
DEEP_sf1,MB_partial,0.3,500,-2.041505372419426,-1.8127986135957217,6.107675939647853
DEEP_sf1,MB_partial,0.5,500,-0.8760479474390538,-0.6701603233579687,4.418204532461793
DEEP_sf1,Hilbert,0.01,500,13.68761939205514,0.40128338588063067,61.19025485803722
DEEP_sf1,Hilbert,0.05,500,-0.6108369203819686,-1.2185709192448329,20.196592664832696
DEEP_sf1,Hilbert,0.1,500,-0.76920697736495,-1.826234173401902,13.108991747485497
DEEP_sf1,Hilbert,0.3,500,-1.753026135793039,-1.6995784851497173,6.064881064504966
DEEP_sf1,Hilbert,0.5,500,-0.7739057628049804,-0.48305748096613177,4.110721962808759
DEEP_sf1,sparse_rp,0.01,500,15.602666517081332,0.374202069117317,65.46042241134144
DEEP_sf1,sparse_rp,0.05,500,-0.7617046685897918,-2.402954843137614,20.619137382343382
DEEP_sf1,sparse_rp,0.1,500,-0.5566471928832363,-1.770220038341954,13.355849750884916
DEEP_sf1,sparse_rp,0.3,500,-0.7796623617229311,-0.831085210884201,6.766891670895983
DEEP_sf1,sparse_rp,0.5,500,-0.45255135535064117,-0.5476983842989815,4.604091915127708
DEEP_sf1,Adaptive,0.01,500,14.32261146056129,0.0,63.154132629881936
DEEP_sf1,Adaptive,0.05,500,0.4429437903745734,-0.31156889031893775,19.672018605158545
DEEP_sf1,Adaptive,0.1,500,0.09822751390272444,-0.5194805194805288,13.77846645245127
DEEP_sf1,Adaptive,0.3,500,-1.1197977355618502,-1.2977113070353443,6.50080103922931
DEEP_sf1,Adaptive,0.5,500,-0.4153947392389229,-0.2537114207352738,4.37570613957319
DEEP_sf10,HDBSCAN,0.01,500,7.555190301592016,0.10400608658702437,54.05327077846952
DEEP_sf10,HDBSCAN,0.05,500,-1.8061847026429583,-2.5633343619425357,23.655699450067363
DEEP_sf10,HDBSCAN,0.1,500,-1.7671204865914985,-2.394695947003979,13.151831875625119
DEEP_sf10,HDBSCAN,0.3,500,-1.443296823388346,-1.4675904253720167,6.644073190176784
DEEP_sf10,HDBSCAN,0.5,500,-1.20818117805785,-1.0703264005405502,4.372151235518171
DEEP_sf10,MB_partial,0.01,500,13.927302059209408,-1.1592173243114732,65.42659131348302
DEEP_sf10,MB_partial,0.05,500,-1.1874036483116606,-2.4102375447322717,21.56176119573137
DEEP_sf10,MB_partial,0.1,500,-1.974726763605162,-2.185159840128161,13.59764944453904
DEEP_sf10,MB_partial,0.3,500,-1.61061544788221,-1.6124065936756549,6.495587917852891
DEEP_sf10,MB_partial,0.5,500,-0.9300949738356816,-0.7612028090668777,4.719870352202005
DEEP_sf10,Hilbert,0.01,500,13.983953056981958,-0.7720115877978984,67.18944581931794
DEEP_sf10,Hilbert,0.05,500,0.6071693628281082,-1.2707242233947849,25.421303282411028
DEEP_sf10,Hilbert,0.1,500,-1.2141381797427582,-1.5656983192204579,13.951507533776649
DEEP_sf10,Hilbert,0.3,500,-1.7063796931758726,-1.6693353816480394,6.618476890117943
DEEP_sf10,Hilbert,0.5,500,-1.081268284277103,-0.915016294013675,4.645441059225875
DEEP_sf10,sparse_rp,0.01,500,11.429926120738722,0.04940226151315559,60.73930599889247
DEEP_sf10,sparse_rp,0.05,500,0.6757283590417124,-0.6754756116915008,23.583917429309288
DEEP_sf10,sparse_rp,0.1,500,-0.4585227927161253,-0.4693681986721424,14.556225717848939
DEEP_sf10,sparse_rp,0.3,500,-0.9399231037690728,-0.8835722307057299,6.606421010313872
DEEP_sf10,sparse_rp,0.5,500,-0.7600550685470211,-0.7175113068934402,4.666049313369096
DEEP_sf10,Adaptive,0.01,500,12.316001728758208,0.0,62.261195308842076
DEEP_sf10,Adaptive,0.05,500,-0.59554881924605,-3.2471033160112324,21.532795533012415
DEEP_sf10,Adaptive,0.1,500,-0.35999567220719253,-0.33328466899197806,13.540275411032678
DEEP_sf10,Adaptive,0.3,500,-0.6644128064153815,-0.8368347338935604,7.247241380828215
DEEP_sf10,Adaptive,0.5,500,-0.6379233955183425,-0.5277081592871018,4.820384085881969
SIFT_sf1,HDBSCAN,0.01,500,-2.5669594081196165,-18.75983759382253,67.03109500751503
SIFT_sf1,HDBSCAN,0.05,500,-28.960400007154792,-31.708152236818833,23.98039912468414
SIFT_sf1,HDBSCAN,0.1,500,-33.03150818664834,-34.24118381026618,16.985933727925413
SIFT_sf1,HDBSCAN,0.3,500,-27.517041835377704,-29.401085005452657,13.236752527116417
SIFT_sf1,HDBSCAN,0.5,500,-19.39482838472647,-23.424138263993445,12.932896379969204
SIFT_sf1,MB_partial,0.01,500,5.867845981143689,-15.167897318115987,77.38534005145674
SIFT_sf1,MB_partial,0.05,500,-28.50464342246554,-31.452440021465872,22.975367192063512
SIFT_sf1,MB_partial,0.1,500,-32.11055270993005,-32.16688699077768,16.76596387607977
SIFT_sf1,MB_partial,0.3,500,-27.324170400717588,-29.1923670326529,12.904125462563282
SIFT_sf1,MB_partial,0.5,500,-19.32786237905606,-22.991728989760723,13.004844808838094
SIFT_sf1,Hilbert,0.01,500,-4.326896255388107,-16.67449352765905,59.945744136059105
SIFT_sf1,Hilbert,0.05,500,-29.174268473237774,-30.810980191256192,21.48971102156344
SIFT_sf1,Hilbert,0.1,500,-32.53315012498965,-33.525636446350006,16.78461486935429
SIFT_sf1,Hilbert,0.3,500,-27.566179623632667,-29.50518860803323,12.830998661342418
SIFT_sf1,Hilbert,0.5,500,-19.60187815550458,-23.8603836014492,12.921554844462088
SIFT_sf1,sparse_rp,0.01,500,1.0668450482211367,-17.163482135649335,68.24330203482528
SIFT_sf1,sparse_rp,0.05,500,-27.913998675509283,-30.423624416383696,23.612426738716547
SIFT_sf1,sparse_rp,0.1,500,-31.740894212135807,-32.92520932420692,18.222112585641447
SIFT_sf1,sparse_rp,0.3,500,-26.375652536933718,-28.68112985775504,13.23368895954448
SIFT_sf1,sparse_rp,0.5,500,-18.757761206365657,-22.689939141814037,12.93794391483984
SIFT_sf1,Adaptive,0.01,500,2.786952924692854,-9.631192701863386,67.86123872940905
SIFT_sf1,Adaptive,0.05,500,-28.325567590300526,-30.593120725248987,23.479785895588122
SIFT_sf1,Adaptive,0.1,500,-30.94829490924418,-32.37048717145373,18.68545493049833
SIFT_sf1,Adaptive,0.3,500,-26.359588649202532,-28.43019919857509,13.061238297425847
SIFT_sf1,Adaptive,0.5,500,-18.62001775947483,-22.388816397844877,12.897740515834194
SIFT_sf10,HDBSCAN,0.01,500,11.97326765231426,-3.349193265174684,75.44332140366303
SIFT_sf10,HDBSCAN,0.05,500,-6.238737100851274,-7.965624611836124,23.59740678906944
SIFT_sf10,HDBSCAN,0.1,500,-10.523510948832659,-11.944228119636739,16.137880382510122
SIFT_sf10,HDBSCAN,0.3,500,-11.487838854101359,-12.129985865001675,9.233676481947482
SIFT_sf10,HDBSCAN,0.5,500,-8.433839007021197,-8.988249259833122,6.632632881975511
SIFT_sf10,MB_partial,0.01,500,13.91071980250458,-5.6673553568769295,76.58240926967682
SIFT_sf10,MB_partial,0.05,500,-5.7724876234947855,-7.845272606280196,24.561607003298487
SIFT_sf10,MB_partial,0.1,500,-10.342736276861952,-11.897595508670388,15.406373166496065
SIFT_sf10,MB_partial,0.3,500,-11.598276481986403,-12.400952263453107,9.138032234028937
SIFT_sf10,MB_partial,0.5,500,-8.301051960486276,-9.095945950253913,6.783690142630599
SIFT_sf10,Hilbert,0.01,500,8.397088942116032,-2.025995637594074,64.38915880520105
SIFT_sf10,Hilbert,0.05,500,-7.20925496757599,-8.279511667138706,24.194747761234957
SIFT_sf10,Hilbert,0.1,500,-11.012482843417184,-12.366644697504137,14.565387318303848
SIFT_sf10,Hilbert,0.3,500,-11.408292270600231,-12.151819114753932,9.385809208908492
SIFT_sf10,Hilbert,0.5,500,-8.520804792525208,-9.298115262111594,6.738810243078738
SIFT_sf10,sparse_rp,0.01,500,10.160661293373193,-1.3298646164599257,62.2734433720218
SIFT_sf10,sparse_rp,0.05,500,-4.601951329932687,-6.961990521597548,25.42345318605544
SIFT_sf10,sparse_rp,0.1,500,-9.06642115686002,-9.92679353044699,16.059773251195626
SIFT_sf10,sparse_rp,0.3,500,-9.884137632216028,-10.486704411279385,9.626879768373485
SIFT_sf10,sparse_rp,0.5,500,-7.33378475108547,-7.790254606737207,6.818197978922781
SIFT_sf10,Adaptive,0.01,500,12.71888358683022,0.0,66.1173595691171
SIFT_sf10,Adaptive,0.05,500,-4.7183654873647125,-6.637670725248552,26.049055857592915
SIFT_sf10,Adaptive,0.1,500,-8.072698719571882,-10.042662218248918,17.254164330561398
SIFT_sf10,Adaptive,0.3,500,-9.622049724587287,-10.431938534902542,9.6294003825711
SIFT_sf10,Adaptive,0.5,500,-7.1869800264264,-7.866561379728939,6.874528067318139
SSN_sf1,HDBSCAN,0.01,500,17.92005171366444,0.20497821554841045,72.15617758427359
SSN_sf1,HDBSCAN,0.05,500,2.1984033629228126,-0.08903782389010167,23.735589190971538
SSN_sf1,HDBSCAN,0.1,500,0.7342312285211215,-0.22390255343746884,15.188678691434044
SSN_sf1,HDBSCAN,0.3,500,0.1434931464327256,0.09186622684435977,7.183736314261528
SSN_sf1,HDBSCAN,0.5,500,0.12910493433926,0.09165697839764089,4.324857948112044
SSN_sf1,MB_partial,0.01,500,20.64600460058367,1.21515756578948,82.96563892753005
SSN_sf1,MB_partial,0.05,500,2.4693396355525685,-0.6893933165683097,23.46505254063716
SSN_sf1,MB_partial,0.1,500,0.925552310851509,-0.6751089314316534,15.346763274462486
SSN_sf1,MB_partial,0.3,500,0.14295449005845665,-0.35244387019586165,7.069608309652324
SSN_sf1,MB_partial,0.5,500,0.15833322260340826,-0.25311404424595374,4.5477709630416205
SSN_sf1,Hilbert,0.01,500,15.066434777873319,1.0367640016307154,67.01994968886432
SSN_sf1,Hilbert,0.05,500,1.874775867443648,-1.355936836058721,21.622404829133814
SSN_sf1,Hilbert,0.1,500,1.4604195854975874,0.6715415869147838,13.329931276389086
SSN_sf1,Hilbert,0.3,500,-0.05714846097777479,-0.47332569547666775,6.797759196213915
SSN_sf1,Hilbert,0.5,500,0.16301186296276926,-0.033369441004788884,4.430214238559905
SSN_sf1,sparse_rp,0.01,500,16.14287615692469,0.41984128289472133,66.56232515014587
SSN_sf1,sparse_rp,0.05,500,2.639313695857034,-0.12190483308677065,21.34249256307197
SSN_sf1,sparse_rp,0.1,500,1.1462510046753627,0.14742011927275422,14.490431960843788
SSN_sf1,sparse_rp,0.3,500,-0.1772815238911727,-0.5362566125678929,6.941936683067622
SSN_sf1,sparse_rp,0.5,500,-0.1281259234609538,-0.15872568413615107,4.1670381865027375
SSN_sf1,Adaptive,0.01,500,12.761364703948752,0.0,61.35344053283309
SSN_sf1,Adaptive,0.05,500,1.8955486222448659,-0.5194805194805279,21.30870694805685
SSN_sf1,Adaptive,0.1,500,0.678447245132401,0.0,13.415607455661487
SSN_sf1,Adaptive,0.3,500,-0.003730484177248343,0.0,7.066962504152667
SSN_sf1,Adaptive,0.5,500,-0.03826603050347478,-0.21300671742706728,4.150636069174351
SSN_sf10,HDBSCAN,0.01,500,13.092439213156268,0.17527931300967486,61.98128775559025
SSN_sf10,HDBSCAN,0.05,500,2.7632417274385315,0.6550063092535137,20.130931237611154
SSN_sf10,HDBSCAN,0.1,500,0.6957370318057914,0.6964991630819573,13.291168233692234
SSN_sf10,HDBSCAN,0.3,500,0.07709450271172828,-0.3835584344283155,6.834341024755337
SSN_sf10,HDBSCAN,0.5,500,0.0819675753932382,-0.034397185968479786,4.358492759484861
SSN_sf10,MB_partial,0.01,500,13.159894045445478,-1.6004660902049115,65.24300346008759
SSN_sf10,MB_partial,0.05,500,2.930570936355073,0.5612701408752707,22.563099308172937
SSN_sf10,MB_partial,0.1,500,1.353467311387094,0.047176858690888446,14.282486962891392
SSN_sf10,MB_partial,0.3,500,0.1946123129005707,-0.22043833785401948,6.70259664939677
SSN_sf10,MB_partial,0.5,500,0.1531556162178446,-0.17005345286728651,4.17766816406635
SSN_sf10,Hilbert,0.01,500,15.021629553621354,0.3274885718483249,63.41558563771732
SSN_sf10,Hilbert,0.05,500,4.280038469186433,0.5252124646754511,24.9491080886982
SSN_sf10,Hilbert,0.1,500,1.348137963000259,0.2983627944022721,14.831930520112675
SSN_sf10,Hilbert,0.3,500,0.3056749988881436,-0.08843188336027055,6.862140713678521
SSN_sf10,Hilbert,0.5,500,0.16877470048366944,0.21885391490584727,4.363340592836402
SSN_sf10,sparse_rp,0.01,500,12.757707121019559,0.41750342105262744,59.03818370244777
SSN_sf10,sparse_rp,0.05,500,3.1034080196771296,0.761668231188686,21.60675834086557
SSN_sf10,sparse_rp,0.1,500,1.604980884303301,0.22823366925895408,14.393277109676037
SSN_sf10,sparse_rp,0.3,500,-0.042164000341625776,-0.4184188258533887,6.53537566107448
SSN_sf10,sparse_rp,0.5,500,-0.10670239649562234,0.061719805911717496,4.11784148027376
SSN_sf10,Adaptive,0.01,500,20.160632843786164,0.0,71.8732514152296
SSN_sf10,Adaptive,0.05,500,2.700443780078576,0.0,22.43165248351673
SSN_sf10,Adaptive,0.1,500,1.5218650704797199,0.11958639784502512,13.979416275317059
SSN_sf10,Adaptive,0.3,500,0.41691819960824444,0.0,6.597501608052144
SSN_sf10,Adaptive,0.5,500,0.43270837786116734,0.012802373496401117,4.613454637464251
WIKI_sf1,HDBSCAN,0.01,500,10.227942022021109,-4.958350823302406,64.97781569681283
WIKI_sf1,HDBSCAN,0.05,500,-6.493500159379836,-6.895353603651665,25.543173942543763
WIKI_sf1,HDBSCAN,0.1,500,-8.770484991955772,-9.483397719301438,18.12889049377954
WIKI_sf1,HDBSCAN,0.3,500,-8.175725440088868,-8.166632998080907,10.038303017646573
WIKI_sf1,HDBSCAN,0.5,500,-6.646091495279874,-6.33688891433574,6.806912405763516
WIKI_sf1,MB_partial,0.01,500,9.617159323320651,-4.408244872315241,73.11134934016816
WIKI_sf1,MB_partial,0.05,500,-6.977966797727262,-7.9520135653643855,26.41061228643831
WIKI_sf1,MB_partial,0.1,500,-8.818266959563093,-7.2945794432305835,17.66622685974161
WIKI_sf1,MB_partial,0.3,500,-7.971836596376428,-8.062606425731905,10.335697215448544
WIKI_sf1,MB_partial,0.5,500,-6.4674619150496255,-6.121989978644702,6.801770658656505
WIKI_sf1,Hilbert,0.01,500,10.557449255035978,-1.1788806915397954,65.44733147888451
WIKI_sf1,Hilbert,0.05,500,-7.34889138666062,-8.092734250591096,24.981634948665274
WIKI_sf1,Hilbert,0.1,500,-8.4553844083923,-8.195155831042683,18.120411123093234
WIKI_sf1,Hilbert,0.3,500,-8.614904541321277,-7.910274654117211,9.7269266681925
WIKI_sf1,Hilbert,0.5,500,-6.902088893277448,-6.464110964450468,6.4911163306635835
WIKI_sf1,sparse_rp,0.01,500,15.345730838049857,0.29188694611381083,68.66029796035075
WIKI_sf1,sparse_rp,0.05,500,-6.364145943484493,-7.07580830465502,24.235180914874412
WIKI_sf1,sparse_rp,0.1,500,-8.408131268531207,-8.153478889060537,17.122792488566105
WIKI_sf1,sparse_rp,0.3,500,-7.803512236872838,-7.2514972677860845,10.010379154924626
WIKI_sf1,sparse_rp,0.5,500,-6.397112510566514,-6.211864606042936,6.842618436476641
WIKI_sf1,Adaptive,0.01,500,9.182658268378528,0.0,63.21404269978883
WIKI_sf1,Adaptive,0.05,500,-7.128659808633971,-7.142857142857142,23.754500441942483
WIKI_sf1,Adaptive,0.1,500,-8.155224087771769,-7.593877116223853,17.80381971990319
WIKI_sf1,Adaptive,0.3,500,-8.154491296755815,-7.42571050204449,9.875968891956083
WIKI_sf1,Adaptive,0.5,500,-6.4418289259725325,-6.31434009462287,6.957929463544771
WIKI_sf10,HDBSCAN,0.01,500,17.31510049096748,-0.6339835032894788,76.99372597327465
WIKI_sf10,HDBSCAN,0.05,500,-3.4285432658389725,-4.5507002029889545,20.780568876789147
WIKI_sf10,HDBSCAN,0.1,500,-3.3981144980487916,-2.929548453981779,13.666669270361465
WIKI_sf10,HDBSCAN,0.3,500,-1.496958570268701,-1.5352286712388252,7.077296117606193
WIKI_sf10,HDBSCAN,0.5,500,-0.7951978346635018,-0.5375025251093333,4.5370070965670655
WIKI_sf10,MB_partial,0.01,500,1696.6632297275999,1.226586717351871,35892.3602954208
WIKI_sf10,MB_partial,0.05,500,0.9328681221053312,-2.1373098292439545,25.169325123092605
WIKI_sf10,MB_partial,0.1,500,-1.5600192812184912,-2.2474115586074923,15.637239440691067
WIKI_sf10,MB_partial,0.3,500,-0.9226337304323838,-0.9180393245956289,7.663922213789846
WIKI_sf10,MB_partial,0.5,500,-0.3173272237057438,-0.22516494260763933,4.789676848710044
WIKI_sf10,Hilbert,0.01,500,11.480380270322291,-0.03457284149809218,62.9300085154854
WIKI_sf10,Hilbert,0.05,500,-2.0904060026715405,-2.724568415175157,20.209704607808764
WIKI_sf10,Hilbert,0.1,500,-3.5771457902454644,-4.030631103937086,13.666423244380624
WIKI_sf10,Hilbert,0.3,500,-1.8256852056316193,-1.8456754527079315,7.041459440252109
WIKI_sf10,Hilbert,0.5,500,-1.0537425200067638,-0.9214768475754656,4.368045167828048
WIKI_sf10,sparse_rp,0.01,500,13.851299840544614,-0.7413737839259964,66.36517198346701
WIKI_sf10,sparse_rp,0.05,500,-1.2444970883102084,-3.8461369053229957,24.68120805524553
WIKI_sf10,sparse_rp,0.1,500,-2.4625287762375083,-2.814610053250724,16.008463494176354
WIKI_sf10,sparse_rp,0.3,500,-0.993579199384436,-1.2807747519573376,7.381945486818383
WIKI_sf10,sparse_rp,0.5,500,-0.3976121668258421,-0.20805862386916352,4.752959418927773
WIKI_sf10,Adaptive,0.01,500,13.786461091907702,0.0,66.07634538573612
WIKI_sf10,Adaptive,0.05,500,-0.08660298935806329,-0.612354722898774,23.164709589281696
WIKI_sf10,Adaptive,0.1,500,-1.4911614309600723,-2.4099883855981443,15.491207830486658
WIKI_sf10,Adaptive,0.3,500,-1.1481980048483256,-1.1592646194115126,7.575418868021623
WIKI_sf10,Adaptive,0.5,500,-0.8221169412336218,-0.7792207792207636,4.596897209180504
YFCC_sf1,HDBSCAN,0.01,500,9.312923261142615,-3.3778333333333377,65.79763489652662
YFCC_sf1,HDBSCAN,0.05,500,-5.7081343557638595,-6.465330611327333,20.70304872691671
YFCC_sf1,HDBSCAN,0.1,500,-5.943450527070689,-6.066205540048591,14.202332170138101
YFCC_sf1,HDBSCAN,0.3,500,-6.672536484457766,-5.633211071171454,8.327475049167838
YFCC_sf1,HDBSCAN,0.5,500,-5.003945063928427,-4.3623528113490675,6.117913723524457
YFCC_sf1,MB_partial,0.01,500,8.834100243970862,-5.655191991989454,63.14239130354072
YFCC_sf1,MB_partial,0.05,500,-4.531896087307377,-4.278609785233286,21.431322521883796
YFCC_sf1,MB_partial,0.1,500,-5.87269755481148,-5.077342478268328,14.150489087457396
YFCC_sf1,MB_partial,0.3,500,-6.273631224841369,-5.952991528597035,8.56006167814943
YFCC_sf1,MB_partial,0.5,500,-5.027976506694713,-4.737112275139024,6.078965607671369
YFCC_sf1,Hilbert,0.01,500,3.8419808982654278,-2.1265475837223367,50.966836120347175
YFCC_sf1,Hilbert,0.05,500,-5.046828651771333,-5.3021254780871665,21.326194895437286
YFCC_sf1,Hilbert,0.1,500,-5.522218837362802,-5.672964456682202,14.180478067679056
YFCC_sf1,Hilbert,0.3,500,-5.85134654890186,-5.722081399754179,8.636264264775443
YFCC_sf1,Hilbert,0.5,500,-4.964572918617552,-4.422958684403273,6.188502914145786
YFCC_sf1,sparse_rp,0.01,500,11.76917183869314,-0.8699638925365213,62.843335338190684
YFCC_sf1,sparse_rp,0.05,500,-2.733610700957187,-3.836137693077786,23.218019802878917
YFCC_sf1,sparse_rp,0.1,500,-3.4061897700894628,-3.901098303691346,16.2649235855173
YFCC_sf1,sparse_rp,0.3,500,-5.490765279441184,-4.908996469745753,8.556001295759499
YFCC_sf1,sparse_rp,0.5,500,-4.36410259969876,-3.594741463010392,6.237856863851135
YFCC_sf1,Adaptive,0.01,500,7.829517218842128,0.0,58.10663159402499
YFCC_sf1,Adaptive,0.05,500,-3.961574008753089,-4.466436693246809,22.11120391686265
YFCC_sf1,Adaptive,0.1,500,-4.841028765411493,-4.3813284085843485,14.59282398024331
YFCC_sf1,Adaptive,0.3,500,-5.24162174557211,-5.22007563787486,8.979538286307973
YFCC_sf1,Adaptive,0.5,500,-4.157630052507069,-4.400297322305471,6.360496396937606
YFCC_sf10,HDBSCAN,0.01,500,12.387334838832983,-3.700716844054054,67.71235561189829
YFCC_sf10,HDBSCAN,0.05,500,-5.349971660459094,-5.9919040208549905,20.770943928314388
YFCC_sf10,HDBSCAN,0.1,500,-6.873617260006705,-6.677221352987699,14.510918269288899
YFCC_sf10,HDBSCAN,0.3,500,-4.230643081662737,-3.701237073011807,7.317608444351306
YFCC_sf10,HDBSCAN,0.5,500,-2.299222633439544,-1.8613820888017658,4.616590375142199
YFCC_sf10,MB_partial,0.01,500,14.61823902145043,-1.9641065789473604,78.42905835098179
YFCC_sf10,MB_partial,0.05,500,-4.574318474513824,-5.312986100289356,21.78792950305781
YFCC_sf10,MB_partial,0.1,500,-6.660831235533788,-6.9615685907953555,14.236570562647799
YFCC_sf10,MB_partial,0.3,500,-4.283707889761683,-4.349510969004186,7.503296904550846
YFCC_sf10,MB_partial,0.5,500,-2.082444927482082,-1.5434267156315742,4.774159504044419
YFCC_sf10,Hilbert,0.01,500,9.41808996146335,-0.615151420791337,58.514158373342525
YFCC_sf10,Hilbert,0.05,500,-5.482552427215781,-7.051029774520892,22.20815198437703
YFCC_sf10,Hilbert,0.1,500,-6.270256503491124,-6.213621008361859,14.489859880788204
YFCC_sf10,Hilbert,0.3,500,-4.1576456848413255,-4.173070600142317,7.428473058763246
YFCC_sf10,Hilbert,0.5,500,-2.204399604786371,-1.889397324683765,4.848739231631053
YFCC_sf10,sparse_rp,0.01,500,12.032255079620644,-0.8146971152625304,65.55414129515097
YFCC_sf10,sparse_rp,0.05,500,-5.067239209515168,-5.908088874608004,22.046350197116894
YFCC_sf10,sparse_rp,0.1,500,-6.208094936353585,-6.134416100634334,15.322873373024683
YFCC_sf10,sparse_rp,0.3,500,-2.922846276542378,-2.4536059507771095,7.605492231189781
YFCC_sf10,sparse_rp,0.5,500,-1.2521817980079677,-0.9871730459525774,5.050951082115592
YFCC_sf10,Adaptive,0.01,500,9.889953247213427,0.0,63.875948638342486
YFCC_sf10,Adaptive,0.05,500,-3.1095630468803837,-3.3991486933036525,22.200781352991083
YFCC_sf10,Adaptive,0.1,500,-5.674950893502778,-6.204081632653054,15.672478743693027
YFCC_sf10,Adaptive,0.3,500,-3.1893835703204814,-3.4864788970878555,7.837024814275449
YFCC_sf10,Adaptive,0.5,500,-1.4157703634004164,-1.094702648168667,5.024289529292615
