dataset,sel,method,n_pairs,delta_pct_mean,delta_pct_ci_low,delta_pct_ci_high,delta_pct_se,ci_excludes_zero,cohens_d,d_magnitude,direction
DEEP,0.01,minibatch,486,5.515450417941883,-0.7375208890148871,9.703034736842115,3.3006351813388854,False,-0.055143102065247904,negligible,improve
DEEP,0.01,minibatch_partial,481,6.656059899149615,-6.369850331012818,10.21658421052631,3.3679671237983215,False,-0.05176753631178052,negligible,improve
DEEP,0.01,random_proj,474,17.69664415971235,14.425465000000006,22.947359526385263,3.5205494219778144,True,0.2083368695977861,small,hurt
DEEP,0.01,pca1d,482,1.3874202379465816,-14.528452189270757,3.556500424428343,3.332304498374011,False,-0.06222800524229675,negligible,improve
DEEP,0.01,hilbert,484,2.7982946411605227,0.13294319154002526,4.594235806154673,2.582300348709646,True,-0.04100117257049118,negligible,improve
DEEP,0.01,zorder,481,2.365273987613943,-13.976505293803017,5.406023848645743,3.3020308712720685,False,0.01647877314453509,negligible,hurt
DEEP,0.01,hybrid,491,7.04465228251317,-8.745476315789503,12.786592040951625,4.314826089241838,False,-0.006684899087861816,negligible,improve
DEEP,0.01,kdtree,488,9.350400857660137,-5.892190917277774,14.694047943366392,4.874059366784309,False,0.055149209232994975,negligible,hurt
DEEP,0.01,pq,461,23.64066510710494,15.910653157894721,31.8007925164537,4.422824993383596,True,0.23220739993890788,small,hurt
DEEP,0.01,lsh,475,12.251764113584054,-6.063208333333346,17.081276052631583,5.128740701742059,False,0.16031348300819803,negligible,hurt
DEEP,0.01,kde_pilot,492,-6.971908395120749,-20.95708119602525,-4.657776344321255,2.832609200822336,True,0.001513327026468145,negligible,hurt
DEEP,0.01,distance_shell,481,1.0433603582577344,-13.465949820788538,9.404166666666672,4.00883161382737,False,0.03966342666007845,negligible,hurt
DEEP,0.01,is_p50_noclip,44,292.6418877052348,217.90241108783613,374.87291076151433,42.25887210113654,True,1.126946061125259,large,hurt
DEEP,0.01,is_p50_clip,44,-5.684328959657644,-13.211250212747439,2.451494345949193,4.457806214337226,False,-0.13570046669944633,negligible,improve
DEEP,0.01,is_p200_noclip,24,538.4408969973431,260.6775242975194,979.8290136305344,191.68729886981825,True,0.8261637756996724,large,hurt
DEEP,0.01,is_p200_clip,24,39.881769734956976,3.132328128513353,79.28371409358961,24.451754619941376,True,0.5385598382636312,medium,hurt
DEEP,0.01,spectral,461,16.70857455807757,-0.4959694406322961,20.86598869907137,4.073021243329281,False,0.18681731295900852,negligible,hurt
DEEP,0.01,birch,476,12.773546633916807,-4.994726199077572,18.335920330725852,4.817225941149464,False,0.09841787519207068,negligible,hurt
DEEP,0.01,gmm,481,4.724423803511087,-12.16062057951177,11.630851315789476,4.517728656678799,False,-0.026199399805042548,negligible,improve
DEEP,0.01,hdbscan,476,6.682537994235059,-10.161263157894753,11.018001791348613,3.7982381481350824,False,-0.014109290138454094,negligible,improve
DEEP,0.01,sobol,473,16.204719166037155,-0.3633432785087933,21.62075026315789,4.147314468305084,False,0.05927249975433363,negligible,hurt
DEEP,0.01,sparse_rp,475,-0.2816219188019699,-15.919540229885076,1.3157894736842186,4.212668387860902,False,-0.050790087483564395,negligible,improve
DEEP,0.05,minibatch,500,-1.869502521125954,-5.127766990846708,1.7981431511859984,2.311066925769914,False,-0.11383837342136825,negligible,improve
DEEP,0.05,minibatch_partial,500,-3.0216017942274402,-6.258139969233229,0.2813402191028197,2.237080142994126,False,-0.13810692276275904,negligible,improve
DEEP,0.05,random_proj,500,1.496019791198621,-2.0677049016246296,5.468917025493606,2.4417882093143306,False,0.17977050388555196,negligible,hurt
DEEP,0.05,pca1d,500,0.48087443229403193,-2.4270440417696686,3.7583289473684167,2.2807906313070885,False,-0.005005847437751112,negligible,improve
DEEP,0.05,hilbert,500,-3.140258075427983,-6.301597151603021,0.8573803345847874,2.259725888284537,False,-0.17058349737566003,negligible,improve
DEEP,0.05,zorder,500,-0.9753845937784067,-3.7422295194508126,2.2325922078998715,2.219487724495523,False,-0.05773004874606572,negligible,improve
DEEP,0.05,hybrid,500,-2.6634462517432866,-5.547794242152492,0.8808095323110943,2.2168602191171263,False,-0.13052112405062796,negligible,improve
DEEP,0.05,kdtree,500,-0.6776022970599731,-3.6613404631751103,2.85359736842104,2.2919831562443322,False,0.014929737454987402,negligible,hurt
DEEP,0.05,pq,500,3.0179866144918144,-1.0260273865027936,7.789727431634247,2.6136639161472406,False,0.19240631925723295,negligible,hurt
DEEP,0.05,lsh,500,1.8627142743716432,-1.5559178823549267,5.528141042063158,2.3766713568547355,False,0.137121121426587,negligible,hurt
DEEP,0.05,kde_pilot,500,-1.339030824081731,-4.467407889219727,2.0837788325396374,2.2515738909184746,False,-0.06239559957921204,negligible,improve
DEEP,0.05,distance_shell,500,7.558523599485751,3.254962192816623,12.290571811968132,2.6825465937888415,True,0.32112060932051967,small,hurt
DEEP,0.05,is_p50_noclip,387,34.62519555625436,24.180623498057265,47.93819933233408,6.333231923290248,True,0.7000764002165116,medium,hurt
DEEP,0.05,is_p50_clip,387,90.36748604142986,74.44033907444286,110.08866072155703,8.379650403550457,True,0.8998093387540147,large,hurt
DEEP,0.05,is_p200_noclip,303,36.24401276128305,26.30389667566587,46.6820511296035,5.262075408561313,True,0.5726919082324458,medium,hurt
DEEP,0.05,is_p200_clip,303,93.41938789749484,68.0940680327389,115.18579000843366,11.267255788506747,True,1.119149694914699,large,hurt
DEEP,0.05,spectral,500,1.6924849769019898,-1.6292503632715194,5.566031418856991,2.3590796751400105,False,0.1660555977582987,negligible,hurt
DEEP,0.05,birch,500,-2.125445375800455,-4.9692514985570835,1.4780527183315886,2.2357166650561813,False,-0.03781309503138684,negligible,improve
DEEP,0.05,gmm,500,-3.3774119573440258,-6.56022424485126,0.5158433286172214,2.310608293143802,False,-0.1085094636761237,negligible,improve
DEEP,0.05,hdbscan,500,-2.5964666569357977,-5.3858711670480695,0.6900539473684131,2.174789613994895,False,-0.11527420575288455,negligible,improve
DEEP,0.05,sobol,500,1.5101446146095372,-1.8278655985571008,5.195175194650884,2.3390480922686536,False,0.12970965338488946,negligible,hurt
DEEP,0.05,sparse_rp,500,-0.05175009293516098,-3.970251716247171,4.2319749216300995,2.616018482267802,False,-0.019646220429162416,negligible,improve
DEEP,0.1,minibatch,500,-1.8599190971656703,-3.570428742894116,-0.0032668839151747467,0.8586328816464297,True,-0.15135794048824983,negligible,improve
DEEP,0.1,minibatch_partial,500,-2.0672969236056624,-3.6738581587291166,-0.32231716370357727,0.7824909691256741,True,-0.15934884633830557,negligible,improve
DEEP,0.1,random_proj,500,0.5095033374745747,-1.4841658668660427,2.493826824162694,0.9343840031892139,False,0.15230283383751803,negligible,hurt
DEEP,0.1,pca1d,500,-1.9278081931175854,-3.736047939030861,0.06150038339261049,0.8916529465533423,False,-0.09101546147982044,negligible,improve
DEEP,0.1,hilbert,500,-1.5209424141157517,-3.1879265393103555,0.31255008521220085,0.81153640886638,False,-0.10745344315266969,negligible,improve
DEEP,0.1,zorder,500,-1.3804762792964027,-2.927013089195362,0.2644928229665182,0.8183375006360858,False,-0.07838054648259077,negligible,improve
DEEP,0.1,hybrid,500,-2.68050035847275,-4.540697599795621,-0.8005041846307853,0.8751832445669396,True,-0.2022309867448842,small,improve
DEEP,0.1,kdtree,500,-1.2300872620175574,-2.9101332138083,0.5292396450337071,0.8092357127025883,False,-0.02751766971866731,negligible,improve
DEEP,0.1,pq,500,2.070300050751704,0.12040156526901513,4.171021966447599,1.0396182590945409,True,0.20283439289004432,small,hurt
DEEP,0.1,lsh,500,1.4839365292280056,-0.34363616386563056,3.6084834532555856,0.9414573983886693,False,0.15394798674588026,negligible,hurt
DEEP,0.1,kde_pilot,500,-1.0430198204711332,-2.7327039379538824,0.8864167179236265,0.8301535595168117,False,-0.015877862053587644,negligible,improve
DEEP,0.1,distance_shell,500,10.265081458842399,7.864796265418033,13.147038419653589,1.3579320233229746,True,0.5599109856916901,medium,hurt
DEEP,0.1,is_p50_noclip,489,25.509769237769415,20.54813472275316,30.614777169225388,2.778823574589119,True,0.5393375878485941,medium,hurt
DEEP,0.1,is_p50_clip,489,45.02500977655881,37.00268803807548,55.63872309438393,4.5831794459087405,True,0.5389056286070049,medium,hurt
DEEP,0.1,is_p200_noclip,480,40.03200558971925,32.589250900778104,48.3262806250418,4.212305569786654,True,0.7015143199443159,medium,hurt
DEEP,0.1,is_p200_clip,480,52.57310989420656,43.222788473693086,58.82918046510075,4.045488018087513,True,0.7177713697585899,medium,hurt
DEEP,0.1,spectral,500,1.0686309218462102,-1.103363688023835,3.1296564743923945,0.9898098523026703,False,0.16152273204849366,negligible,hurt
DEEP,0.1,birch,500,-1.3729113190635407,-3.0367309578563155,0.4540122050399746,0.815410449631841,False,-0.057885127841239316,negligible,improve
DEEP,0.1,gmm,500,-1.9888160931887182,-3.705566503012375,-0.016387723685840076,0.8352856545767547,True,-0.08941253664631024,negligible,improve
DEEP,0.1,hdbscan,500,-2.763246538833263,-4.381339142714477,-0.9220047846889771,0.792546229788203,True,-0.1626701705207109,negligible,improve
DEEP,0.1,sobol,500,0.33327462379767236,-1.7404272266338203,2.6188120364893965,1.0367707912213004,False,0.12158091372442986,negligible,hurt
DEEP,0.1,sparse_rp,500,-0.2956279459943082,-2.3043913873607926,1.7359449760765797,0.9517743209891522,False,0.028703472323518678,negligible,hurt
DEEP,0.3,minibatch,500,-0.8648130662932917,-1.618678003797546,-0.310296304705798,0.33339133114122893,True,-0.16702829400501412,negligible,improve
DEEP,0.3,minibatch_partial,500,0.20533698785628202,-0.5695877827615414,0.7419066089915952,0.3413694060583672,False,-0.09708224399596854,negligible,improve
DEEP,0.3,random_proj,500,0.8743642643014905,-0.07135978548749726,1.7074055038383351,0.45678132043370434,False,0.11851383140826584,negligible,hurt
DEEP,0.3,pca1d,500,-0.31489885357890507,-1.2488989973159874,0.3992717954880697,0.4010672891024152,False,-0.10248518670235007,negligible,improve
DEEP,0.3,hilbert,500,-0.3494026828737467,-1.1028478438195037,0.25432247284880244,0.33781782465766347,False,-0.10723917446031604,negligible,improve
DEEP,0.3,zorder,500,-0.08772129176482207,-1.004482518878239,0.5789025034600417,0.3919175217176073,False,-0.10848235288158727,negligible,improve
DEEP,0.3,hybrid,500,-0.12531842346334818,-0.9183983375828846,0.4231969365885214,0.3595285214618953,False,-0.08105826508838325,negligible,improve
DEEP,0.3,kdtree,500,0.511104565057317,-0.3353430466393094,1.2689911555445803,0.3942993690588426,False,0.019931462175977053,negligible,hurt
DEEP,0.3,pq,500,1.1291883540228165,0.256177176980965,1.9114529572913592,0.41170947373261024,True,0.12224151661083849,negligible,hurt
DEEP,0.3,lsh,500,0.6543700046367139,-0.16536515314926123,1.340804928989158,0.3767045456178469,False,0.10317948047550866,negligible,hurt
DEEP,0.3,kde_pilot,500,-0.0006011928532115718,-0.8359597132140026,0.6535257285256677,0.40108937267012773,False,-0.025198947991131006,negligible,improve
DEEP,0.3,distance_shell,500,10.094249968729098,8.090349232912567,12.029384756657482,1.0042291389828435,True,0.734959840106681,medium,hurt
DEEP,0.3,is_p50_noclip,500,8.95069761362059,7.475033976646686,10.687219612271797,0.7891556366538093,True,0.6408357433268573,medium,hurt
DEEP,0.3,is_p50_clip,500,11.04038652709617,8.847457451212854,13.22175036165502,1.1231259790787185,True,0.6752448517583862,medium,hurt
DEEP,0.3,is_p200_noclip,500,14.167401115448724,11.669833619160531,16.33649696050202,1.245660321307894,True,0.7320884023115414,medium,hurt
DEEP,0.3,is_p200_clip,500,13.799387979700793,11.419010455530456,16.32015596420516,1.2935406776426617,True,0.8049768496094212,large,hurt
DEEP,0.3,spectral,500,0.42527444385109464,-0.5131748028128257,1.2105939168989808,0.416375773540895,False,0.09253446668542617,negligible,hurt
DEEP,0.3,birch,500,0.09885997493931348,-0.7465276531123296,0.6922099427947886,0.3689398317308158,False,-0.036769455861900974,negligible,improve
DEEP,0.3,gmm,500,0.28953761763492764,-0.5287894629535062,1.0013870504381674,0.3726956235686422,False,-0.017197306775754647,negligible,improve
DEEP,0.3,hdbscan,500,-0.03512749783867352,-0.8490642847714536,0.7002272534937402,0.3920955292105441,False,-0.07290467801329202,negligible,improve
DEEP,0.3,sobol,500,0.629089236424485,-0.3514601559254572,1.5090692275540756,0.46199329648112053,False,0.08029358888841467,negligible,hurt
DEEP,0.3,sparse_rp,500,0.5571027851957226,-0.4074652123855259,1.3676590020604076,0.4510147287452506,False,0.04157519844587807,negligible,hurt
DEEP,0.5,minibatch,500,-0.4288920656742663,-0.9754572962509566,0.16710798855395584,0.28003873053173256,False,-0.13718782313026737,negligible,improve
DEEP,0.5,minibatch_partial,500,-0.48871607305839687,-1.05165339032757,0.09845282382257035,0.279826905740328,False,-0.10895365100917577,negligible,improve
DEEP,0.5,random_proj,500,0.7602098540103774,0.12245898256217863,1.448014772762142,0.3350070055748031,True,0.15000413858365785,negligible,hurt
DEEP,0.5,pca1d,500,-0.8590240029594423,-1.4035172067737662,-0.2638545203067747,0.26613403253683143,True,-0.18294056407793136,negligible,improve
DEEP,0.5,hilbert,500,-0.5132860807718225,-1.0888834739923043,0.09294270596091893,0.28729331709564165,False,-0.14113993268195787,negligible,improve
DEEP,0.5,zorder,500,-0.449548185849785,-0.9552757320810823,0.11634363765484705,0.2532618604756298,False,-0.13823309201245235,negligible,improve
DEEP,0.5,hybrid,500,-0.351026810214644,-0.922263297505113,0.21434359321028723,0.2694579075100519,False,-0.09697776184869836,negligible,improve
DEEP,0.5,kdtree,500,-0.05011335054179368,-0.5942628126022907,0.5056710397048302,0.26554107631669654,False,-0.06514907403142951,negligible,improve
DEEP,0.5,pq,500,0.7506533099887323,0.17530865251203887,1.3762644695148605,0.27834739229000627,True,0.14866951181551508,negligible,hurt
DEEP,0.5,lsh,500,0.342573152864732,-0.28656390547964944,1.0034987966222175,0.3111156975153984,False,0.08948336957567571,negligible,hurt
DEEP,0.5,kde_pilot,500,-0.3880953331030222,-0.9328538619142217,0.19754021598819832,0.27504029168332794,False,-0.11338674310801243,negligible,improve
DEEP,0.5,distance_shell,500,6.420088995318421,4.926613965573348,7.6746070328958025,0.697182086803076,True,0.7125266253723811,medium,hurt
DEEP,0.5,is_p50_noclip,500,4.376510987668569,3.3390721600149873,5.397841399202815,0.529882801377293,True,0.5905107123408496,medium,hurt
DEEP,0.5,is_p50_clip,500,5.353328752671201,4.429999377228964,6.24571337383772,0.46601323205040546,True,0.6581195487551791,medium,hurt
DEEP,0.5,is_p200_noclip,500,7.691262053054399,6.478804641793596,8.807731839973993,0.6266213847554065,True,0.7148649679574252,medium,hurt
DEEP,0.5,is_p200_clip,500,7.555410300527788,5.979563011231239,9.417724981617,0.8239678344368295,True,0.8359739396454935,large,hurt
DEEP,0.5,spectral,500,0.32782673842627,-0.2964111909934601,0.9311754247505529,0.30802224229670905,False,0.09535313887136773,negligible,hurt
DEEP,0.5,birch,500,-0.1284809238839574,-0.718746275468885,0.5016105413533977,0.29420891942847066,False,-0.03385883092872842,negligible,improve
DEEP,0.5,gmm,500,0.46233900189440064,-0.151230593400361,1.0724280075876524,0.29252486569608455,False,0.009415204270304674,negligible,hurt
DEEP,0.5,hdbscan,500,-0.4220319500908137,-0.9943607675843703,0.23712178546934573,0.300318862251783,False,-0.1453197471155418,negligible,improve
DEEP,0.5,sobol,500,0.60920805049296,-0.12338878717474587,1.2686808373899707,0.3412223910141555,False,0.1429420349881048,negligible,hurt
DEEP,0.5,sparse_rp,500,0.1383157844871022,-0.5081682649291308,0.8036201919325769,0.32350207459304736,False,0.031122851659819428,negligible,hurt
SIFT,0.01,minibatch,466,4.266229319009001,-13.149921164111628,10.516370877192992,5.052806497124655,False,-0.06256374255925692,negligible,improve
SIFT,0.01,minibatch_partial,460,10.044695100886017,1.729244392437779,13.32999511842105,3.2002775812558735,True,-0.026840266286857387,negligible,improve
SIFT,0.01,random_proj,459,23.46909415128899,5.261454093567237,33.77618564440406,6.894812579716952,True,0.2234132768964168,small,hurt
SIFT,0.01,pca1d,474,1.2670635170052869,-14.871757677695049,4.088557378268226,4.457547351148804,False,-0.059067011413634476,negligible,improve
SIFT,0.01,hilbert,480,1.1512863681209533,-15.05327761888425,3.2220131702728168,3.2791678938878634,False,-0.07373779334641567,negligible,improve
SIFT,0.01,zorder,474,0.7360021279815494,-15.24768701743729,3.268179429802909,3.8559670287647387,False,-0.01896364217278705,negligible,improve
SIFT,0.01,hybrid,472,10.123047753382055,3.1942412063608825,15.464519210526326,3.9062918091960412,True,-0.11592720523745637,negligible,improve
SIFT,0.01,kdtree,477,11.809165081108295,3.849764912280701,16.174898245614045,3.3755014924007227,True,-0.03669169558588304,negligible,improve
SIFT,0.01,pq,390,11.362318436936084,1.1374736842105297,27.091336842105257,6.1974132388732155,True,0.26206966945968574,small,hurt
SIFT,0.01,lsh,468,12.498066307470761,-2.1876212508890283,18.805036558592334,4.399391105847764,False,0.1737538842573215,negligible,hurt
SIFT,0.01,kde_pilot,487,0.7100232345949145,-15.136726204301294,4.048590155884898,3.434247263310704,False,0.03331097029406756,negligible,hurt
SIFT,0.01,distance_shell,465,8.223183112713057,0.0,19.349999999999987,6.1146484401761105,False,0.03801296450968537,negligible,hurt
SIFT,0.01,is_p50_noclip,110,91.85796178157058,49.99658978400539,146.89879104272646,26.188626044426062,True,0.4502349848076196,small,hurt
SIFT,0.01,is_p50_clip,110,-4.567089988030073,-19.29348818305753,5.394261080937355,7.278744116136882,False,-0.16919832031575327,negligible,improve
SIFT,0.01,is_p200_noclip,61,245.9401942621578,169.38184510480176,340.97041465140677,48.58048863930142,True,0.36799433820287414,small,hurt
SIFT,0.01,is_p200_clip,61,27.88297616984425,1.8427922790114821,56.35798313553265,15.917067233852393,True,0.3007860545064447,small,hurt
SIFT,0.01,spectral,443,10.092469830174501,-7.629751656314867,16.64627333333334,4.4431537594684185,False,0.12783841609380867,negligible,hurt
SIFT,0.01,birch,471,10.270958838606116,-6.738776779931575,14.55647668231497,3.6680466587736453,False,0.0785332669491152,negligible,hurt
SIFT,0.01,gmm,481,9.591105452298933,-7.257230114921194,12.875785964912275,3.6809500121625236,False,-0.026578379343568964,negligible,improve
SIFT,0.01,hdbscan,475,6.324400874207892,1.4026914035087734,9.680150877192984,2.947288851347774,True,-0.012203905429320818,negligible,improve
SIFT,0.01,sobol,433,33.62117584457572,17.088802612929058,48.90484203669526,7.859390852779939,True,0.07054787481259694,negligible,hurt
SIFT,0.01,sparse_rp,470,0.5380071147212341,-15.461857602339188,2.675042105263149,3.8947677767323405,False,-0.03465357385547099,negligible,improve
SIFT,0.05,minibatch,500,-1.70122348281088,-4.8347426392067065,1.1141214205708698,2.224198248064863,False,-0.050413048970234534,negligible,improve
SIFT,0.05,minibatch_partial,500,-0.3497447308653807,-3.8933109432746598,3.4360771929824727,2.331892350401327,False,-0.0041117227324113876,negligible,improve
SIFT,0.05,random_proj,500,3.753196795248884,-0.7059274599542117,8.468380257058943,2.702764280690642,False,0.24671930743234716,small,hurt
SIFT,0.05,pca1d,500,0.19371296311694833,-3.1448363844393636,4.121876618864718,2.3371688017072727,False,-0.042207460848789506,negligible,improve
SIFT,0.05,hilbert,500,-1.5662581140120961,-4.652965474264446,1.7695286307951226,2.2491583496925753,False,-0.10869247096451454,negligible,improve
SIFT,0.05,zorder,500,-2.097047178561325,-5.258333864640746,1.0557576130393014,2.21345348816976,False,-0.1376139779509291,negligible,improve
SIFT,0.05,hybrid,500,-1.8565414397554068,-5.246374008390542,1.5030087719298284,2.3283453081605083,False,-0.11918881471031613,negligible,improve
SIFT,0.05,kdtree,500,-1.2057805046440797,-4.267522520976341,2.6059500768968578,2.3182096007959485,False,-0.0566190304544669,negligible,improve
SIFT,0.05,pq,500,9.84587838373024,6.049283347635398,14.20889156098893,2.6125254968469713,True,0.31901872128466496,small,hurt
SIFT,0.05,lsh,500,4.8687706639257415,0.5082780000953367,9.421533130815495,2.743497216192343,True,0.19678800622389328,negligible,hurt
SIFT,0.05,kde_pilot,500,-2.3847832615287445,-5.730697493284092,1.1023049924664434,2.2321959976047845,False,-0.07340194691494921,negligible,improve
SIFT,0.05,distance_shell,500,9.518023387256395,4.912910272804771,14.75961538461539,2.7949683139257,True,0.3762663494068113,small,hurt
SIFT,0.05,is_p50_noclip,425,31.179275127744198,22.39669134334038,39.031458612698245,4.475085803992278,True,0.5837640562020521,medium,hurt
SIFT,0.05,is_p50_clip,425,40.093006328481515,29.162421986693708,52.91227786435296,6.440690528903361,True,0.6716028309248785,medium,hurt
SIFT,0.05,is_p200_noclip,362,27.22693754488361,19.920041551055316,37.33304813007293,4.478950904765264,True,0.3045643844788108,small,hurt
SIFT,0.05,is_p200_clip,362,38.779494672947095,30.960444469814956,47.67452609383485,4.403640337343577,True,0.7600675973055686,medium,hurt
SIFT,0.05,spectral,499,4.176509706683963,0.2000471395880989,8.12721622807017,2.498664544963172,True,0.20027300187590477,small,hurt
SIFT,0.05,birch,500,0.31973931269639416,-3.1116414633293523,3.981230957768604,2.294076580622887,False,0.0594126160434243,negligible,hurt
SIFT,0.05,gmm,500,-1.0004061569356728,-4.178672740033417,2.4172364035087766,2.2574454811587206,False,-0.09121454247090346,negligible,improve
SIFT,0.05,hdbscan,500,-2.6702120267132172,-5.831626248408488,0.6800175438596678,2.2161177128282548,False,-0.10849822151527447,negligible,improve
SIFT,0.05,sobol,500,7.564950999629829,2.719464310768776,13.20099503390924,2.9597364787074825,True,0.10704400079794175,negligible,hurt
SIFT,0.05,sparse_rp,500,-1.5725438531459164,-4.744736041189966,2.6544918773122284,2.388560529732883,False,-0.0728371126960673,negligible,improve
SIFT,0.1,minibatch,500,-2.5188916619947688,-3.95519271228848,-0.5269561814053082,0.8628677960326266,True,-0.13078187336980157,negligible,improve
SIFT,0.1,minibatch_partial,500,-2.3578695871179645,-4.152083663602661,-0.42591903907496437,0.9019966910960495,True,-0.15302717216672582,negligible,improve
SIFT,0.1,random_proj,500,3.1075295674523775,0.8907033458646662,5.511740653314425,1.2132088537402017,True,0.28030013561620787,small,hurt
SIFT,0.1,pca1d,500,-2.3001031229684186,-3.8472507205282342,-0.379064724463122,0.8776425319542679,True,-0.10454658860199548,negligible,improve
SIFT,0.1,hilbert,500,-2.9119104185378855,-4.254227087878236,-1.051284135248161,0.8009686455162915,True,-0.21433255483701505,small,improve
SIFT,0.1,zorder,500,-1.7131682281208231,-3.3718489405331487,0.22829346092503108,0.9754904948797506,False,-0.13045910600001898,negligible,improve
SIFT,0.1,hybrid,500,-3.099302981152105,-4.613420762183821,-1.185162978468927,0.854392800341588,True,-0.21450592351659403,small,improve
SIFT,0.1,kdtree,500,-2.1711619602495422,-3.613716316032431,-0.2886379585326731,0.8485608019795913,True,-0.14158490018592954,negligible,improve
SIFT,0.1,pq,500,2.601217570386294,0.34484014845203337,5.041232874780573,1.133906384077985,True,0.2686952153599689,small,hurt
SIFT,0.1,lsh,500,1.7412971665084134,-0.4769158806106153,3.8620296781344345,1.116229891713586,False,0.21115516559012373,small,hurt
SIFT,0.1,kde_pilot,500,0.6368922494150324,-1.2766041296581836,2.6925163898454145,0.9880748602419647,False,0.021918348467644743,negligible,hurt
SIFT,0.1,distance_shell,500,13.05500586554579,9.288951517690524,16.684603190762207,2.0392103279637293,True,0.6075789655260402,medium,hurt
SIFT,0.1,is_p50_noclip,493,21.097178115703965,16.53117815822935,26.13033172307555,2.754093716121442,True,0.41186835899464475,small,hurt
SIFT,0.1,is_p50_clip,493,21.84290800673114,17.92956609369182,27.813429921006875,2.476404769976307,True,0.43785184586111003,small,hurt
SIFT,0.1,is_p200_noclip,478,24.98255945744626,20.171399884744474,29.707588166429282,2.4063229523083796,True,0.4762895694554303,small,hurt
SIFT,0.1,is_p200_clip,478,29.74431338977235,24.316617251191786,34.78745395388276,2.405093270620132,True,0.5832732267384101,medium,hurt
SIFT,0.1,spectral,500,0.4480722490038302,-1.4883891547049295,2.584692660340039,1.0251313203670154,False,0.1456274644712798,negligible,hurt
SIFT,0.1,birch,500,-1.6479092293240687,-3.255913833450946,0.16533514327889093,0.9292018040804984,False,-0.026981122521155494,negligible,improve
SIFT,0.1,gmm,500,-1.4325432798523587,-3.166554587267572,0.6136395534290189,0.8959903170168089,False,-0.1394604184032238,negligible,improve
SIFT,0.1,hdbscan,500,-3.986065422582001,-5.339267124131837,-2.123824144830214,0.85578190129927,True,-0.190245790386986,negligible,improve
SIFT,0.1,sobol,500,2.9471130737330404,0.8659345212113487,5.18997687526193,1.1658992332423084,True,0.2603293741379464,small,hurt
SIFT,0.1,sparse_rp,500,-1.8953174812066143,-3.4622231572785833,0.07878580885353317,0.9595424604144682,False,-0.11439532029589942,negligible,improve
SIFT,0.3,minibatch,500,-1.552059643853094,-2.1525886807296195,-0.710266510148333,0.38892501697240783,True,-0.30450267199098574,small,improve
SIFT,0.3,minibatch_partial,500,-1.471975169929372,-2.2092266616034832,-0.6389419927301929,0.40145795641718823,True,-0.20345121088163487,small,improve
SIFT,0.3,random_proj,500,1.7626502632771766,0.8079523973612268,2.9392024505708507,0.5475113687486861,True,0.3256437997073836,small,hurt
SIFT,0.3,pca1d,500,-0.8598539654853035,-1.5745604365252546,0.04623763617484324,0.4234412799646302,False,-0.1437727296156261,negligible,improve
SIFT,0.3,hilbert,500,-1.4848227428704055,-2.1831563754980876,-0.605462400286963,0.4062186336240603,True,-0.2594353251173485,small,improve
SIFT,0.3,zorder,500,-1.0111094718268654,-1.708827118300792,-0.1837589801708302,0.40729230066883926,True,-0.2187216213038844,small,improve
SIFT,0.3,hybrid,500,-1.310497755031876,-1.942661500098623,-0.505267783094116,0.3895481428998153,True,-0.2603320174050112,small,improve
SIFT,0.3,kdtree,500,-1.1555620718230117,-1.9013443912812418,-0.25770422184973074,0.41697844022737357,True,-0.2179659700989566,small,improve
SIFT,0.3,pq,500,1.3736455542089276,0.39251224834628656,2.5792829295460695,0.5702037339360118,True,0.29195915904667363,small,hurt
SIFT,0.3,lsh,500,0.5234530017180249,-0.37442439938227734,1.5654720986052524,0.46799817289725854,False,0.18642503668222318,negligible,hurt
SIFT,0.3,kde_pilot,500,-0.323431686437146,-1.0685941175011693,0.5413705001023293,0.40866973961070074,False,-0.04770986126523244,negligible,improve
SIFT,0.3,distance_shell,500,11.547587407733744,9.456132705288908,13.581725016405057,1.0230340139633605,True,0.7583945988765841,medium,hurt
SIFT,0.3,is_p50_noclip,500,8.755559263079471,7.313662818887649,10.016658112099577,0.6784355309650876,True,0.6507062166851025,medium,hurt
SIFT,0.3,is_p50_clip,500,8.604607872365424,7.220296766315283,9.876309349996735,0.6771185272436617,True,0.653949214640881,medium,hurt
SIFT,0.3,is_p200_noclip,500,11.079786404923398,9.382096811277204,12.739356947857368,0.895582993068336,True,0.49470216983731147,small,hurt
SIFT,0.3,is_p200_clip,500,11.077318180085811,9.44631298736084,12.84338403034747,0.8462164212790831,True,0.6789040992514663,medium,hurt
SIFT,0.3,spectral,500,-0.24994663234414982,-0.9856219970345401,0.7694769481626472,0.44997846477510484,False,0.07400289590920413,negligible,hurt
SIFT,0.3,birch,500,-0.6226297983482211,-1.2731243050650214,0.23120043163464696,0.4111997594269474,False,-0.02473979327844748,negligible,improve
SIFT,0.3,gmm,500,-0.40813590223364116,-1.1993451173649972,0.42870750355468185,0.4138418080878011,False,-0.10944078957755,negligible,improve
SIFT,0.3,hdbscan,500,-1.3274786881361573,-1.957563788258505,-0.545760675487162,0.38668066525488515,True,-0.2685551455086869,small,improve
SIFT,0.3,sobol,500,0.8868319805155266,0.04949688422924013,1.8576262773611325,0.45623244428249016,True,0.21567940034209385,small,hurt
SIFT,0.3,sparse_rp,500,0.1168887155584653,-0.6751645229196592,1.0984031108155754,0.4677825150984105,False,0.05659710969956211,negligible,hurt
SIFT,0.5,minibatch,500,-1.160285895552413,-1.631535521539773,-0.6510924306492453,0.270980626428887,True,-0.33363730223601923,small,improve
SIFT,0.5,minibatch_partial,500,-1.0770425579716791,-1.5720641649987033,-0.5731812296878551,0.2715685183479612,True,-0.24821737522329584,small,improve
SIFT,0.5,random_proj,500,1.1421076437231152,0.4673768354228523,1.788188643503942,0.3385428508152626,True,0.2705645846330501,small,hurt
SIFT,0.5,pca1d,500,-0.9262331669469488,-1.3890276254478668,-0.4058295757548258,0.2557387784867349,True,-0.21772798315671474,small,improve
SIFT,0.5,hilbert,500,-1.1498324070819481,-1.6197122561149997,-0.6854300188342353,0.2604681335126782,True,-0.3364383177185114,small,improve
SIFT,0.5,zorder,500,-1.2234210749518544,-1.7008639032148567,-0.7283420150375721,0.26827512249648894,True,-0.31651136217042514,small,improve
SIFT,0.5,hybrid,500,-1.090704819642986,-1.6022226519791358,-0.6003565101473783,0.26483912244498825,True,-0.3084717981890856,small,improve
SIFT,0.5,kdtree,500,-0.9689128385508002,-1.4225568459880533,-0.4694491414032884,0.26036310118001743,True,-0.25733340673215904,small,improve
SIFT,0.5,pq,500,0.815103102844239,0.27934161184212714,1.3752041113430629,0.29457683417836517,True,0.2374665116716647,small,hurt
SIFT,0.5,lsh,500,0.44821704373188653,-0.23085809979495167,0.9785683861541944,0.32750182684430185,False,0.14553998933360077,negligible,hurt
SIFT,0.5,kde_pilot,500,-0.9523325728565478,-1.44117259304253,-0.5183813389237301,0.2554058772953299,True,-0.20546244290035298,small,improve
SIFT,0.5,distance_shell,500,6.72753681808158,5.58918774521433,7.939258564212776,0.5833313396359746,True,0.7498427343755404,medium,hurt
SIFT,0.5,is_p50_noclip,500,6.040691036953619,5.148120667031708,6.95422704352981,0.4488464513546482,True,0.7227693412088868,medium,hurt
SIFT,0.5,is_p50_clip,500,5.54866652833398,4.636923618714742,6.459192150572199,0.4725670542919562,True,0.7517494423098539,medium,hurt
SIFT,0.5,is_p200_noclip,500,6.2477844210921845,5.158120157152842,7.293501083426018,0.5505122148897699,True,0.4508551835917218,small,hurt
SIFT,0.5,is_p200_clip,500,5.843352839300467,5.002644886068396,6.8439315437101715,0.4908380751652949,True,0.6977959863721872,medium,hurt
SIFT,0.5,spectral,500,-0.23388806270924697,-0.8505628557865874,0.35510280346957773,0.3092876471261897,False,-0.021697275302228272,negligible,improve
SIFT,0.5,birch,500,-0.750739148305883,-1.2030581012467705,-0.2265541654135284,0.26303426451149653,True,-0.15675731973519558,negligible,improve
SIFT,0.5,gmm,500,-0.8634979703670403,-1.3973707061403262,-0.32639324219668797,0.28895647719819506,True,-0.1889212740554394,negligible,improve
SIFT,0.5,hdbscan,500,-1.0419408627913043,-1.5560002706499805,-0.5427891702122757,0.27429560838855177,True,-0.2665281649901622,small,improve
SIFT,0.5,sobol,500,-0.22394417215201065,-0.8229641043833444,0.40874852118273014,0.31300997280333137,False,0.034548917745771,negligible,hurt
SIFT,0.5,sparse_rp,500,0.13132307768901047,-0.508617727001979,0.763885944404056,0.32890585409969064,False,0.044482751612351004,negligible,hurt
