cell,method,selectivity,n_paired,mean_delta_pct_h2h,median_delta_pct_h2h,n_better,p_better,wilcoxon_p,significant_05,method_better
partsupp_deep_sift_10,HDBSCAN,all,2493,10.561301757537201,1.6993288118427257,1033,0.41436020858403527,5.418837760848066e-41,True,False
partsupp_deep_sift_10,HDBSCAN,0.01,493,41.37037575897303,20.268270775031603,136,0.27586206896551724,3.984581857256671e-40,True,False
partsupp_deep_sift_10,HDBSCAN,0.05,500,7.915262956056313,4.672173569039406,183,0.366,3.928534909421426e-15,True,False
partsupp_deep_sift_10,HDBSCAN,0.1,500,3.4766028005878997,1.3554344527077054,219,0.438,2.9268378847504156e-06,True,False
partsupp_deep_sift_10,HDBSCAN,0.3,500,0.3424697154976565,0.14699155025481075,246,0.492,0.5415994024617576,False,False
partsupp_deep_sift_10,HDBSCAN,0.5,500,0.1331245925912109,0.0046408083051449585,249,0.498,0.5907889216457047,False,False
partsupp_deep_sift_10,MB_partial,all,2491,11.370173918778294,2.1872546706870413,966,0.38779606583701326,1.6824144100767746e-53,True,False
partsupp_deep_sift_10,MB_partial,0.01,491,43.771745347711985,23.746476863802812,113,0.23014256619144602,1.4115296557684914e-46,True,False
partsupp_deep_sift_10,MB_partial,0.05,500,9.479707573043495,5.593711316360382,165,0.33,9.94379467153492e-19,True,False
partsupp_deep_sift_10,MB_partial,0.1,500,3.2431753100608383,1.3829226794161635,212,0.424,1.4456301074386518e-05,True,False
partsupp_deep_sift_10,MB_partial,0.3,500,0.6322871543359665,0.26251811574956807,238,0.476,0.11915739041020179,False,False
partsupp_deep_sift_10,MB_partial,0.5,500,0.30718249445999285,0.17987362728179113,238,0.476,0.1440519250523016,False,False
partsupp_deep_sift_10,Hilbert,all,2489,9.321319893847127,1.7255281452580218,1011,0.4061872237846525,4.7178868254965e-46,True,False
partsupp_deep_sift_10,Hilbert,0.01,489,34.354882605768644,20.2550176779178,129,0.26380368098159507,1.790135197574143e-38,True,False
partsupp_deep_sift_10,Hilbert,0.05,500,8.40910455909058,5.370077045911389,184,0.368,2.248682188052543e-16,True,False
partsupp_deep_sift_10,Hilbert,0.1,500,4.002949417955608,2.930569408961711,195,0.39,2.444884639627682e-10,True,False
partsupp_deep_sift_10,Hilbert,0.3,500,0.4140394986657824,0.27171142496799316,239,0.478,0.29228998935232053,False,False
partsupp_deep_sift_10,Hilbert,0.5,500,-0.023638232582691942,-0.16657320153449423,264,0.528,0.42440329850508973,False,True
partsupp_deep_sift_10,sparse_rp,all,2493,10.773102052169722,2.570841160058651,928,0.3722422783794625,2.043789108349708e-66,True,False
partsupp_deep_sift_10,sparse_rp,0.01,493,36.86652011884068,18.967129507939372,128,0.25963488843813387,6.638465867506346e-39,True,False
partsupp_deep_sift_10,sparse_rp,0.05,500,10.219428064058683,6.7086488410873,158,0.316,1.1251811162322394e-22,True,False
partsupp_deep_sift_10,sparse_rp,0.1,500,5.459385348982749,3.550337948462404,188,0.376,3.598786405861049e-14,True,False
partsupp_deep_sift_10,sparse_rp,0.3,500,1.0140210730077532,0.3652848649553475,236,0.472,0.009139519280202988,True,False
partsupp_deep_sift_10,sparse_rp,0.5,500,0.6714635088921339,0.5373374238180771,218,0.436,0.0027859837039307224,True,False
partsupp_deep_wiki_10,HDBSCAN,all,2486,11.48483882259119,2.66617054684085,909,0.3656476267095736,7.418121341312075e-68,True,False
partsupp_deep_wiki_10,HDBSCAN,0.01,486,41.752076057945416,20.002581931747958,130,0.2674897119341564,7.595512011010969e-37,True,False
partsupp_deep_wiki_10,HDBSCAN,0.05,500,8.964361797466923,5.826761288357604,164,0.328,1.526454996783019e-20,True,False
partsupp_deep_wiki_10,HDBSCAN,0.1,500,5.5863545555036245,3.8699296773683103,179,0.358,3.5634895891780986e-17,True,False
partsupp_deep_wiki_10,HDBSCAN,0.3,500,1.3248736116838076,1.0036739698937769,222,0.444,0.00017666579605509525,True,False
partsupp_deep_wiki_10,HDBSCAN,0.5,500,0.6440107329460943,0.6089562844346783,214,0.428,0.0008056777696825144,True,False
partsupp_deep_wiki_10,MB_partial,all,2488,13.026173806114125,2.656704288795236,923,0.3709807073954984,2.9036507614886614e-70,True,False
partsupp_deep_wiki_10,MB_partial,0.01,488,49.40794374834443,21.239060616511757,114,0.2336065573770492,1.8956094760605364e-43,True,False
partsupp_deep_wiki_10,MB_partial,0.05,500,9.724243152226322,6.157225381012958,161,0.322,5.267920937888944e-22,True,False
partsupp_deep_wiki_10,MB_partial,0.1,500,5.010805898291072,3.426745746244138,184,0.368,4.971929343729914e-14,True,False
partsupp_deep_wiki_10,MB_partial,0.3,500,1.239297830021716,0.4662696477970546,228,0.456,0.0009454125778585443,True,False
partsupp_deep_wiki_10,MB_partial,0.5,500,0.621740880300611,0.43232310535508023,236,0.472,0.009123018240921113,True,False
partsupp_deep_wiki_10,Hilbert,all,2488,11.150967841838888,2.187856436257089,947,0.38062700964630225,1.7562717730600293e-57,True,False
partsupp_deep_wiki_10,Hilbert,0.01,488,42.11934238528142,19.723688821754052,122,0.25,6.197816971568997e-40,True,False
partsupp_deep_wiki_10,Hilbert,0.05,500,8.926183100561433,5.300256504566165,166,0.332,1.4717128203756393e-18,True,False
partsupp_deep_wiki_10,Hilbert,0.1,500,4.0627014618094615,2.907677896996745,198,0.396,3.453852710535065e-10,True,False
partsupp_deep_wiki_10,Hilbert,0.3,500,1.000187270093516,0.6027342707044145,223,0.446,0.0042094392145101195,True,False
partsupp_deep_wiki_10,Hilbert,0.5,500,0.3896659804912456,0.2080845377789979,238,0.476,0.08335017209768628,False,False
partsupp_deep_wiki_10,sparse_rp,all,2492,10.736761041925195,2.2774218965656416,941,0.3776083467094703,2.283039385340277e-58,True,False
partsupp_deep_wiki_10,sparse_rp,0.01,492,39.171910619202485,20.712541483964905,139,0.28252032520325204,3.5363460301069444e-37,True,False
partsupp_deep_wiki_10,sparse_rp,0.05,500,8.791467241699149,4.746353168451707,175,0.35,2.4998851093426982e-18,True,False
partsupp_deep_wiki_10,sparse_rp,0.1,500,4.296584000674617,3.1611628451774676,187,0.374,2.2780830175882404e-12,True,False
partsupp_deep_wiki_10,sparse_rp,0.3,500,1.3243596276289584,0.6618193390346877,216,0.432,0.0003217860463512929,True,False
partsupp_deep_wiki_10,sparse_rp,0.5,500,0.5544461136572065,0.43875939693320604,224,0.448,0.005206653004130623,True,False
multi_join_deep_wiki,HDBSCAN,all,2485,12.121946390263838,2.159552715161131,962,0.3871227364185111,1.2459816124159267e-54,True,False
multi_join_deep_wiki,HDBSCAN,0.01,485,46.79352872605163,24.889886493702225,120,0.24742268041237114,9.18821992512836e-43,True,False
multi_join_deep_wiki,HDBSCAN,0.05,500,9.31307744754443,5.946203291563992,171,0.342,4.395497893171649e-18,True,False
multi_join_deep_wiki,HDBSCAN,0.1,500,4.224387397828877,2.635511822182181,197,0.394,1.3855222645418084e-08,True,False
multi_join_deep_wiki,HDBSCAN,0.3,500,0.8115324246089564,0.2630015594090276,242,0.484,0.12100099707547858,False,False
multi_join_deep_wiki,HDBSCAN,0.5,500,0.5073534253589234,0.3761420755517384,232,0.464,0.028273805204979283,True,False
multi_join_deep_wiki,MB_partial,all,2487,12.622025032292482,2.2251904682595844,951,0.3823884197828709,5.900889751639924e-61,True,False
multi_join_deep_wiki,MB_partial,0.01,487,47.619933767632,23.843412471172172,118,0.24229979466119098,2.823342419159698e-46,True,False
multi_join_deep_wiki,MB_partial,0.05,500,10.60043070641737,6.317854491855533,176,0.352,9.60344317680944e-21,True,False
multi_join_deep_wiki,MB_partial,0.1,500,4.837474996628131,2.8262542987820054,176,0.352,2.723019194687772e-13,True,False
multi_join_deep_wiki,MB_partial,0.3,500,0.7113987824802251,0.3373038394016751,237,0.474,0.1224918898981813,False,False
multi_join_deep_wiki,MB_partial,0.5,500,0.25083253542352385,0.15215006742672876,244,0.488,0.7287348330793941,False,False
multi_join_deep_wiki,Hilbert,all,2490,10.456853401614234,1.6477220477045247,1002,0.40240963855421685,1.7593186828453405e-43,True,False
multi_join_deep_wiki,Hilbert,0.01,490,41.837673450548635,22.143154720858277,122,0.24897959183673468,2.6367785437944903e-42,True,False
multi_join_deep_wiki,Hilbert,0.05,500,7.512585748409791,4.552590617026287,182,0.364,1.4920342371450293e-13,True,False
multi_join_deep_wiki,Hilbert,0.1,500,2.5298992417861075,1.539779308534293,210,0.42,0.00010843625028120172,True,False
multi_join_deep_wiki,Hilbert,0.3,500,0.8056612660468263,0.1738969639308801,242,0.484,0.08219905250731939,False,False
multi_join_deep_wiki,Hilbert,0.5,500,0.22606370225850578,0.1633996252236124,246,0.492,0.6079910811687439,False,False
multi_join_deep_wiki,sparse_rp,all,2489,10.41517476217938,2.3972822683225115,973,0.3909200482121334,4.87987416496607e-57,True,False
multi_join_deep_wiki,sparse_rp,0.01,489,38.13978035368095,20.606922137966656,119,0.24335378323108384,3.0562129311938327e-40,True,False
multi_join_deep_wiki,sparse_rp,0.05,500,8.281985110166667,5.260618814651474,182,0.364,1.7060347761550754e-16,True,False
multi_join_deep_wiki,sparse_rp,0.1,500,4.4980388223555074,3.230177843047513,193,0.386,2.67549791230166e-10,True,False
multi_join_deep_wiki,sparse_rp,0.3,500,1.1692962444600565,0.33853104023198977,240,0.48,0.007692823448934813,True,False
multi_join_deep_wiki,sparse_rp,0.5,500,0.5967146032467489,0.2768671441623798,239,0.478,0.01937409845101171,True,False
partsupp_deep_sift_1,HDBSCAN,all,2487,10.899119478489371,2.007279475209427,1014,0.4077201447527141,1.2827821191507408e-44,True,False
partsupp_deep_sift_1,HDBSCAN,0.01,487,41.34259493112762,19.86809833719631,138,0.28336755646817247,8.198930051982714e-36,True,False
partsupp_deep_sift_1,HDBSCAN,0.05,500,8.150454407324105,4.066674185141833,196,0.392,1.6642298361194827e-13,True,False
partsupp_deep_sift_1,HDBSCAN,0.1,500,4.525388239994478,2.482881464072852,198,0.396,1.1419885046882916e-09,True,False
partsupp_deep_sift_1,HDBSCAN,0.3,500,0.9548770875020635,0.041742698181281665,248,0.496,0.033193493426061794,True,False
partsupp_deep_sift_1,HDBSCAN,0.5,500,0.3138130882671868,0.3913965601273283,234,0.468,0.15595963101708926,False,False
partsupp_deep_sift_1,MB_partial,all,2484,13.27855162398442,1.986078949602512,965,0.3884863123993559,5.353559450029035e-54,True,False
partsupp_deep_sift_1,MB_partial,0.01,484,52.355910876125364,27.563250791226498,122,0.25206611570247933,2.3963998086458405e-43,True,False
partsupp_deep_sift_1,MB_partial,0.05,500,9.04743430356065,3.9748273356573542,187,0.374,5.600331951022093e-15,True,False
partsupp_deep_sift_1,MB_partial,0.1,500,4.703687044380619,2.1854749477962327,193,0.386,8.963282924033675e-10,True,False
partsupp_deep_sift_1,MB_partial,0.3,500,1.0957906817502243,0.4727140814014412,219,0.438,0.0006970264216779921,True,False
partsupp_deep_sift_1,MB_partial,0.5,500,0.4404107101737594,0.14587711164047074,244,0.488,0.23288949269158454,False,False
partsupp_deep_sift_1,Hilbert,all,2489,10.43008742767308,1.7386466212343206,988,0.3969465648854962,7.120461629632709e-46,True,False
partsupp_deep_sift_1,Hilbert,0.01,489,40.47140892574355,18.69619568253625,138,0.2822085889570552,5.407285766530874e-36,True,False
partsupp_deep_sift_1,Hilbert,0.05,500,8.324884689057399,5.118986596255498,174,0.348,4.3327841802779835e-20,True,False
partsupp_deep_sift_1,Hilbert,0.1,500,3.3311525177522188,1.8769329606991727,201,0.402,1.084508383389548e-07,True,False
partsupp_deep_sift_1,Hilbert,0.3,500,0.7350560915117469,0.4315932397941612,227,0.454,0.03569855086439359,True,False
partsupp_deep_sift_1,Hilbert,0.5,500,-0.051156012741965344,0.01123349427722491,248,0.496,0.8157931599091663,False,False
partsupp_deep_sift_1,sparse_rp,all,2483,11.155456548923949,2.177766774466714,960,0.38662907772855415,1.534004499661515e-54,True,False
partsupp_deep_sift_1,sparse_rp,0.01,483,40.13512273193463,20.101649078699236,134,0.2774327122153209,1.0979409100668925e-36,True,False
partsupp_deep_sift_1,sparse_rp,0.05,500,10.325793321796107,6.012646178710927,178,0.356,7.95040147850609e-18,True,False
partsupp_deep_sift_1,sparse_rp,0.1,500,4.814097040812539,2.839127802979471,191,0.382,3.3729329107445175e-12,True,False
partsupp_deep_sift_1,sparse_rp,0.3,500,1.1397503434022096,0.8610594790086863,220,0.44,0.0010704387365639975,True,False
partsupp_deep_sift_1,sparse_rp,0.5,500,0.3478279568966221,0.18609739413210086,237,0.474,0.28192501442378937,False,False
partsupp_deep_wiki_1,HDBSCAN,all,2493,11.953546890405232,2.039138559516543,967,0.3878860810268753,3.8632173270199815e-54,True,False
partsupp_deep_wiki_1,HDBSCAN,0.01,493,44.209745638483135,19.53098057475801,129,0.2616632860040568,6.942334339995669e-38,True,False
partsupp_deep_wiki_1,HDBSCAN,0.05,500,9.849311872871178,5.739434142092244,168,0.336,1.4402099566729408e-20,True,False
partsupp_deep_wiki_1,HDBSCAN,0.1,500,5.393210057331538,3.1863492238919138,183,0.366,2.3796064621453036e-14,True,False
partsupp_deep_wiki_1,HDBSCAN,0.3,500,0.6379509143030261,0.23027335322532028,235,0.47,0.14269813076141183,False,False
partsupp_deep_wiki_1,HDBSCAN,0.5,500,0.12910275151037914,-0.007912220452273433,252,0.504,0.9481989410233697,False,True
partsupp_deep_wiki_1,MB_partial,all,2490,11.942032530330748,2.3650943011232015,963,0.38674698795180723,7.399210403458821e-60,True,False
partsupp_deep_wiki_1,MB_partial,0.01,490,45.22236261572637,21.949909612953917,121,0.24693877551020407,9.669725167551055e-44,True,False
partsupp_deep_wiki_1,MB_partial,0.05,500,9.19169846804345,5.61433513078088,163,0.326,2.826633060133925e-19,True,False
partsupp_deep_wiki_1,MB_partial,0.1,500,4.5214333098844115,2.7249858874658064,198,0.396,3.667973067408819e-11,True,False
partsupp_deep_wiki_1,MB_partial,0.3,500,1.0013327157132952,0.3683954960972672,235,0.47,0.027875435699632578,True,False
partsupp_deep_wiki_1,MB_partial,0.5,500,0.43894214399412107,0.06406571005804516,246,0.492,0.24978420848578153,False,False
partsupp_deep_wiki_1,Hilbert,all,2488,9.373045875523303,1.2788915574487545,1058,0.4252411575562701,3.0970708867047416e-31,True,False
partsupp_deep_wiki_1,Hilbert,0.01,488,35.87782850162458,17.875438905089105,151,0.3094262295081967,1.059017290493892e-30,True,False
partsupp_deep_wiki_1,Hilbert,0.05,500,7.534756010725314,3.773588768943717,192,0.384,4.273556687282244e-12,True,False
partsupp_deep_wiki_1,Hilbert,0.1,500,3.654107099529851,1.665495654686406,212,0.424,9.425009424071916e-07,True,False
partsupp_deep_wiki_1,Hilbert,0.3,500,0.46596607793576783,0.12641549777105027,241,0.482,0.42727965302300985,False,False
partsupp_deep_wiki_1,Hilbert,0.5,500,-0.03131352917258008,-0.16459288934707306,262,0.524,0.3774276421214724,False,True
partsupp_deep_wiki_1,sparse_rp,all,2490,11.53139179416884,2.27279179143709,947,0.38032128514056224,1.2080308482240251e-58,True,False
partsupp_deep_wiki_1,sparse_rp,0.01,490,42.763755741036235,23.74446188126894,125,0.25510204081632654,2.2038295488126958e-40,True,False
partsupp_deep_wiki_1,sparse_rp,0.05,500,9.614279390931173,5.084330438482751,174,0.348,1.0781481089173422e-19,True,False
partsupp_deep_wiki_1,sparse_rp,0.1,500,4.279624560387014,2.3183080637359046,193,0.386,6.432564990045253e-10,True,False
partsupp_deep_wiki_1,sparse_rp,0.3,500,1.2398815185044239,0.7750087034632267,211,0.422,8.81770505040005e-05,True,False
partsupp_deep_wiki_1,sparse_rp,0.5,500,0.38406503892270616,0.10635102026056156,244,0.488,0.3214191716113669,False,False
multi_join_deep_wiki_1,HDBSCAN,all,2493,11.953546890405232,2.039138559516543,967,0.3878860810268753,3.8632173270199815e-54,True,False
multi_join_deep_wiki_1,HDBSCAN,0.01,493,44.209745638483135,19.53098057475801,129,0.2616632860040568,6.942334339995669e-38,True,False
multi_join_deep_wiki_1,HDBSCAN,0.05,500,9.849311872871178,5.739434142092244,168,0.336,1.4402099566729408e-20,True,False
multi_join_deep_wiki_1,HDBSCAN,0.1,500,5.393210057331538,3.1863492238919138,183,0.366,2.3796064621453036e-14,True,False
multi_join_deep_wiki_1,HDBSCAN,0.3,500,0.6379509143030261,0.23027335322532028,235,0.47,0.14269813076141183,False,False
multi_join_deep_wiki_1,HDBSCAN,0.5,500,0.12910275151037914,-0.007912220452273433,252,0.504,0.9481989410233697,False,True
multi_join_deep_wiki_1,MB_partial,all,2490,11.942032530330748,2.3650943011232015,963,0.38674698795180723,7.399210403458821e-60,True,False
multi_join_deep_wiki_1,MB_partial,0.01,490,45.22236261572637,21.949909612953917,121,0.24693877551020407,9.669725167551055e-44,True,False
multi_join_deep_wiki_1,MB_partial,0.05,500,9.19169846804345,5.61433513078088,163,0.326,2.826633060133925e-19,True,False
multi_join_deep_wiki_1,MB_partial,0.1,500,4.5214333098844115,2.7249858874658064,198,0.396,3.667973067408819e-11,True,False
multi_join_deep_wiki_1,MB_partial,0.3,500,1.0013327157132952,0.3683954960972672,235,0.47,0.027875435699632578,True,False
multi_join_deep_wiki_1,MB_partial,0.5,500,0.43894214399412107,0.06406571005804516,246,0.492,0.24978420848578153,False,False
multi_join_deep_wiki_1,Hilbert,all,2488,9.373045875523303,1.2788915574487545,1058,0.4252411575562701,3.0970708867047416e-31,True,False
multi_join_deep_wiki_1,Hilbert,0.01,488,35.87782850162458,17.875438905089105,151,0.3094262295081967,1.059017290493892e-30,True,False
multi_join_deep_wiki_1,Hilbert,0.05,500,7.534756010725314,3.773588768943717,192,0.384,4.273556687282244e-12,True,False
multi_join_deep_wiki_1,Hilbert,0.1,500,3.654107099529851,1.665495654686406,212,0.424,9.425009424071916e-07,True,False
multi_join_deep_wiki_1,Hilbert,0.3,500,0.46596607793576783,0.12641549777105027,241,0.482,0.42727965302300985,False,False
multi_join_deep_wiki_1,Hilbert,0.5,500,-0.03131352917258008,-0.16459288934707306,262,0.524,0.3774276421214724,False,True
multi_join_deep_wiki_1,sparse_rp,all,2490,11.53139179416884,2.27279179143709,947,0.38032128514056224,1.2080308482240251e-58,True,False
multi_join_deep_wiki_1,sparse_rp,0.01,490,42.763755741036235,23.74446188126894,125,0.25510204081632654,2.2038295488126958e-40,True,False
multi_join_deep_wiki_1,sparse_rp,0.05,500,9.614279390931173,5.084330438482751,174,0.348,1.0781481089173422e-19,True,False
multi_join_deep_wiki_1,sparse_rp,0.1,500,4.279624560387014,2.3183080637359046,193,0.386,6.432564990045253e-10,True,False
multi_join_deep_wiki_1,sparse_rp,0.3,500,1.2398815185044239,0.7750087034632267,211,0.422,8.81770505040005e-05,True,False
multi_join_deep_wiki_1,sparse_rp,0.5,500,0.38406503892270616,0.10635102026056156,244,0.488,0.3214191716113669,False,False
