cell,anchor,variant,n_pairs,median_diff_ms,anchor_med_ms,variant_med_ms,w_stat,p_value,p_holm,holm_rank,ci_lo_ms,ci_hi_ms,hedges_g,cliffs_delta
tpc_h/q10 DEEP sf10 sel0.01 qid0,B1,CaseB:chao_weighted,15,164.13993400055915,1941.334891016595,1773.765032994561,41.0,0.30279541015625,1.0,46,-183.03717423890097,217.36092440434732,0.060092771410635556,0.6
tpc_h/q10 DEEP sf10 sel0.01 qid0,B1,CaseB:cum_sqrtf,15,161.334082018584,1941.334891016595,1746.8641999876127,25.0,0.04791259765625,1.0,11,-73.54656380368397,164.71695126325355,0.23083886419449248,0.6
tpc_h/q10 DEEP sf10 sel0.01 qid0,B1,CaseB:hilbert_real,15,11.079540941864252,1941.334891016595,1944.1563159925863,54.0,0.76153564453125,1.0,88,-82.39622922420192,208.59879848760707,0.16371582043398078,0.06666666666666667
tpc_h/q10 DEEP sf10 sel0.01 qid0,B1,CaseB:hyperloglog,15,-33.62564812414348,1941.334891016595,1951.996793039143,37.0,0.207763671875,1.0,35,-279.81190042589634,61.92829180489447,-0.2448688391709238,-0.3333333333333333
tpc_h/q10 DEEP sf10 sel0.01 qid0,B1,CaseB:ica_fastica,15,7.166200899519026,1941.334891016595,1936.3790629431605,58.0,0.93408203125,1.0,102,-221.8095834820997,160.7645312075812,-0.0708419223851064,0.2
tpc_h/q10 DEEP sf10 sel0.01 qid0,B1,CaseB:lavallee_hidiroglou,15,-33.65146811120212,1941.334891016595,1972.3692319821566,30.0,0.0946044921875,1.0,18,-246.4181159157306,52.199112805149625,-0.2842089605880387,-0.3333333333333333
tpc_h/q10 DEEP sf10 sel0.01 qid0,B1,CaseB:mhist2,15,163.93156384583563,1941.334891016595,1760.5863279895857,36.0,0.1876220703125,1.0,32,-148.64440170951033,212.59762871719428,0.10820646298940487,0.6
tpc_h/q10 DEEP sf10 sel0.01 qid0,B1,CaseB:pca1d,15,-9.375032037496567,1941.334891016595,1947.1602039411664,60.0,1.0,1.0,111,-109.9007928268596,288.18066842640593,0.1739231007554903,-0.2
tpc_h/q10 DEEP sf10 sel0.01 qid0,B1,CaseB:rabitq_strat,15,200.15513605903834,1941.334891016595,1761.8534420616925,37.0,0.207763671875,1.0,36,-120.00812100634599,333.8657588197381,0.2373179355441787,0.6
tpc_h/q10 DEEP sf10 sel0.01 qid0,B1,CaseB:rsvd,15,30.65564902499318,1941.334891016595,1929.191578994505,34.0,0.15142822265625,1.0,27,-212.6840013822463,191.3797608780441,-0.002445851086556422,0.6
tpc_h/q10 DEEP sf10 sel0.01 qid0,B1,CaseB:skilling_hilbert,15,164.8835081141442,1941.334891016595,1773.1171490158886,43.0,0.359130859375,1.0,53,-237.20174972220167,206.47374002301723,-0.01224523899471212,0.4666666666666667
tpc_h/q10 DEEP sf10 sel0.01 qid0,B1,CaseB:sparse_rp,15,20.814453018829226,1941.334891016595,1923.2404259964824,42.0,0.33026123046875,1.0,50,-82.47361834374412,210.6671432621078,0.17795467670455026,0.3333333333333333
tpc_h/q10 DEEP sf10 sel0.01 qid0,B1,CaseB:zorder_morton,15,162.9200050374493,1941.334891016595,1773.725755047053,45.0,0.42120361328125,1.0,61,-215.88376355629103,206.8964985977315,0.011921241801590257,0.3333333333333333
tpc_h/q10 DEEP sf10 sel0.01 qid0,B1,oracle,15,-51.01211299188435,1941.334891016595,1967.1648429939523,33.0,0.1353759765625,1.0,24,-381.31215073284693,4.004597192785178,-0.42989561307642443,-0.2
tpc_h/q10 DEEP sf10 sel0.01 qid0,baseline,B1,15,3061.4569040481,5008.02664400544,1941.334891016595,0.0,6.103515625e-05,0.00732421875,1,2811.023423957522,3397.053457234094,4.696256982421495,1.0
tpc_h/q10 DEEP sf10 sel0.01 qid0,baseline,CaseB:chao_weighted,15,3225.5968380486593,5008.02664400544,1773.765032994561,0.0,6.103515625e-05,0.00732421875,5,2736.3652390063116,3516.9737269215207,3.632613849106832,1.0
tpc_h/q10 DEEP sf10 sel0.01 qid0,baseline,CaseB:cum_sqrtf,15,3240.9124550176784,5008.02664400544,1746.8641999876127,0.0,6.103515625e-05,0.00732421875,10,2831.457347367735,3491.5281372346603,4.356188146037842,1.0
tpc_h/q10 DEEP sf10 sel0.01 qid0,baseline,CaseB:hilbert_real,15,3072.5364449899644,5008.02664400544,1944.1563159925863,0.0,6.103515625e-05,0.00732421875,3,2843.8345849242373,3467.738891688447,4.438993240352481,1.0
tpc_h/q10 DEEP sf10 sel0.01 qid0,baseline,CaseB:hyperloglog,15,3027.8312559239566,5008.02664400544,1951.996793039143,0.0,6.103515625e-05,0.00732421875,9,2666.0832609490417,3311.080328060003,4.113284315234414,1.0
tpc_h/q10 DEEP sf10 sel0.01 qid0,baseline,CaseB:ica_fastica,15,3041.0453740041703,5008.02664400544,1936.3790629431605,0.0,6.103515625e-05,0.00732421875,6,2709.7338446932067,3448.7847287054565,3.64086397251588,1.0
tpc_h/q10 DEEP sf10 sel0.01 qid0,baseline,CaseB:lavallee_hidiroglou,15,2998.1889110058546,5008.02664400544,1972.3692319821566,0.0,6.103515625e-05,0.00732421875,11,2706.0402941967673,3307.321264391455,4.536210540088794,1.0
tpc_h/q10 DEEP sf10 sel0.01 qid0,baseline,CaseB:mhist2,15,3224.327929900028,5008.02664400544,1760.5863279895857,0.0,6.103515625e-05,0.00732421875,14,2888.9366564884162,3358.7953011672166,6.107544178101935,1.0
tpc_h/q10 DEEP sf10 sel0.01 qid0,baseline,CaseB:pca1d,15,3032.169353100471,5008.02664400544,1947.1602039411664,0.0,6.103515625e-05,0.00732421875,7,2787.007187483056,3607.3908064910206,3.4154387173902903,1.0
tpc_h/q10 DEEP sf10 sel0.01 qid0,baseline,CaseB:rabitq_strat,15,3253.972355858423,5008.02664400544,1761.8534420616925,0.0,6.103515625e-05,0.00732421875,15,2836.2329651483255,3598.5143275836404,3.8317711548788735,1.0
tpc_h/q10 DEEP sf10 sel0.01 qid0,baseline,CaseB:rsvd,15,3078.835065010935,5008.02664400544,1929.191578994505,0.0,6.103515625e-05,0.00732421875,12,2704.8192642130502,3527.851672146547,3.331387777832293,1.0
tpc_h/q10 DEEP sf10 sel0.01 qid0,baseline,CaseB:skilling_hilbert,15,3263.68112990167,5008.02664400544,1773.1171490158886,0.0,6.103515625e-05,0.00732421875,4,2715.4257856024196,3458.4676616025777,3.7089548921697086,1.0
tpc_h/q10 DEEP sf10 sel0.01 qid0,baseline,CaseB:sparse_rp,15,3050.174993928522,5008.02664400544,1923.2404259964824,0.0,6.103515625e-05,0.00732421875,13,2814.356930894622,3537.564256330176,3.855773346406994,1.0
tpc_h/q10 DEEP sf10 sel0.01 qid0,baseline,CaseB:zorder_morton,15,3242.100042873062,5008.02664400544,1773.725755047053,0.0,6.103515625e-05,0.00732421875,8,2733.026479226343,3477.501029045476,3.748918205910964,1.0
tpc_h/q10 DEEP sf10 sel0.01 qid0,baseline,oracle,15,3003.393299994059,5008.02664400544,1967.1648429939523,0.0,6.103515625e-05,0.00732421875,2,2643.410843333113,3185.0934661701704,4.885513798752831,1.0
tpc_h/q10 DEEP sf10 sel0.1 qid0,B1,CaseB:chao_weighted,15,-38.6204730020836,4763.207089039497,5418.50210505072,46.0,0.45428466796875,1.0,64,-700.9465055734229,131.86337158413755,-0.2587328249996372,-0.2
tpc_h/q10 DEEP sf10 sel0.1 qid0,B1,CaseB:cum_sqrtf,15,48.948328010737896,4763.207089039497,5441.167942015454,57.0,0.890380859375,1.0,98,-603.6252231220715,386.3487423552806,-0.084678842969138,0.2
tpc_h/q10 DEEP sf10 sel0.1 qid0,B1,CaseB:hilbert_real,15,42.518280912190676,4763.207089039497,4818.149514030665,40.0,0.27685546875,1.0,42,-451.7249387978033,633.8127251190596,0.09517743458214106,0.3333333333333333
tpc_h/q10 DEEP sf10 sel0.1 qid0,B1,CaseB:hyperloglog,15,84.94209009222686,4763.207089039497,4699.008280062117,28.0,0.072998046875,1.0,15,-94.71715654770378,313.14315365006513,0.24391483623230445,0.6
tpc_h/q10 DEEP sf10 sel0.1 qid0,B1,CaseB:ica_fastica,15,20.963046932592988,4763.207089039497,5268.905323930085,48.0,0.52447509765625,1.0,70,-226.2099861097522,22.393518948422983,-0.32509888411254345,0.06666666666666667
tpc_h/q10 DEEP sf10 sel0.1 qid0,B1,CaseB:lavallee_hidiroglou,15,26.938224909827113,4763.207089039497,5263.918559998274,59.0,0.97796630859375,1.0,107,-438.96072137945646,135.23306891923605,-0.20581901241585315,0.2
tpc_h/q10 DEEP sf10 sel0.1 qid0,B1,CaseB:mhist2,15,-16.842921962961555,4763.207089039497,5519.209092948586,48.0,0.52447509765625,1.0,71,-293.04255564988125,75.92130337473144,-0.24879267752953732,-0.2
tpc_h/q10 DEEP sf10 sel0.1 qid0,B1,CaseB:pca1d,15,12.332350015640259,4763.207089039497,5473.911148030311,57.0,0.890380859375,1.0,97,-356.44336222341127,9.67808987402046,-0.39423132254746546,0.2
tpc_h/q10 DEEP sf10 sel0.1 qid0,B1,CaseB:rabitq_strat,15,99.95737904682755,4763.207089039497,5377.511834027246,33.0,0.1353759765625,1.0,25,-161.41527135177358,308.0521645709326,0.15485833701220772,0.4666666666666667
tpc_h/q10 DEEP sf10 sel0.1 qid0,B1,CaseB:rsvd,15,39.05795607715845,4763.207089039497,5466.3567680399865,44.0,0.389404296875,1.0,56,-279.41200860523776,304.7888822391784,0.015140761023388538,0.4666666666666667
tpc_h/q10 DEEP sf10 sel0.1 qid0,B1,CaseB:skilling_hilbert,15,65.81991608254611,4763.207089039497,5485.316375037655,48.0,0.52447509765625,1.0,69,-629.1399932161828,63.14470412655888,-0.3522118971144046,0.06666666666666667
tpc_h/q10 DEEP sf10 sel0.1 qid0,B1,CaseB:sparse_rp,15,-27.694739983417094,4763.207089039497,5487.006820971146,29.0,0.083251953125,1.0,17,-446.9761737928881,-47.348610536428225,-0.5356861662101744,-0.4666666666666667
tpc_h/q10 DEEP sf10 sel0.1 qid0,B1,CaseB:zorder_morton,15,39.91147503256798,4763.207089039497,4794.525231001899,45.0,0.42120361328125,1.0,62,-180.01643521070946,527.5933378977543,0.19229090618269135,0.3333333333333333
tpc_h/q10 DEEP sf10 sel0.1 qid0,B1,oracle,15,25.73868492618203,4763.207089039497,4788.311169017106,57.0,0.890380859375,1.0,96,-284.3058085309652,636.4899760973639,0.13074206160194748,0.2
tpc_h/q10 DEEP sf10 sel0.1 qid0,baseline,B1,15,-49.94790209457278,5460.762689937837,4763.207089039497,49.0,0.5614013671875,1.0,89,-55.42596108163707,606.8550490617043,0.29919023770391734,-0.2
tpc_h/q10 DEEP sf10 sel0.1 qid0,baseline,CaseB:chao_weighted,15,-66.64206204004586,5460.762689937837,5418.50210505072,47.0,0.48870849609375,1.0,85,-249.21723446963975,227.6559687691042,-0.02088976319665048,-0.4666666666666667
tpc_h/q10 DEEP sf10 sel0.1 qid0,baseline,CaseB:cum_sqrtf,15,23.060398059897125,5460.762689937837,5441.167942015454,51.0,0.638671875,1.0,93,-157.00716328574345,464.91682964396506,0.19582571258769033,0.06666666666666667
tpc_h/q10 DEEP sf10 sel0.1 qid0,baseline,CaseB:hilbert_real,15,9.595585870556533,5460.762689937837,4818.149514030665,48.0,0.52447509765625,1.0,88,-205.07934984091358,893.2719901857974,0.2862120797268281,0.06666666666666667
tpc_h/q10 DEEP sf10 sel0.1 qid0,baseline,CaseB:hyperloglog,15,59.44318708498031,5460.762689937837,4699.008280062117,18.0,0.01507568359375,0.904541015625,61,92.54434943858845,627.4425152211913,0.565721578300865,0.6
tpc_h/q10 DEEP sf10 sel0.1 qid0,baseline,CaseB:ica_fastica,15,-10.613463004119694,5460.762689937837,5268.905323930085,54.0,0.76153564453125,1.0,100,-83.65560730472983,451.5524488311105,0.22487134768168252,-0.2
tpc_h/q10 DEEP sf10 sel0.1 qid0,baseline,CaseB:lavallee_hidiroglou,15,-16.55873900745064,5460.762689937837,5263.918559998274,60.0,1.0,1.0,120,-116.84309107561906,338.8202986699373,0.20303615643987952,-0.06666666666666667
tpc_h/q10 DEEP sf10 sel0.1 qid0,baseline,CaseB:mhist2,15,-26.81699104141444,5460.762689937837,5519.209092948586,58.0,0.93408203125,1.0,114,-152.29809510832033,448.5112889819233,0.1995113181538735,-0.3333333333333333
tpc_h/q10 DEEP sf10 sel0.1 qid0,baseline,CaseB:pca1d,15,-28.41476397588849,5460.762689937837,5473.911148030311,51.0,0.638671875,1.0,92,-221.20225244162916,476.7109936504854,0.09275813877751711,-0.3333333333333333
tpc_h/q10 DEEP sf10 sel0.1 qid0,baseline,CaseB:rabitq_strat,15,54.94432209525257,5460.762689937837,5377.511834027246,21.0,0.02557373046875,1.0,62,74.91098030741948,590.4564608953659,0.5474559612903729,0.4666666666666667
tpc_h/q10 DEEP sf10 sel0.1 qid0,baseline,CaseB:rsvd,15,6.872662925161421,5460.762689937837,5466.3567680399865,43.0,0.359130859375,1.0,80,12.239806972793305,506.77271782633983,0.4294727815834116,0.06666666666666667
tpc_h/q10 DEEP sf10 sel0.1 qid0,baseline,CaseB:skilling_hilbert,15,24.48459796141833,5460.762689937837,5485.316375037655,55.0,0.803955078125,1.0,104,-425.47626733294845,352.4897674312037,-0.04644545305834657,0.3333333333333333
tpc_h/q10 DEEP sf10 sel0.1 qid0,baseline,CaseB:sparse_rp,15,-84.17875808663666,5460.762689937837,5487.006820971146,25.0,0.04791259765625,1.0,63,-212.18141408326724,274.1707005668041,-0.00392770746213926,-0.7333333333333333
tpc_h/q10 DEEP sf10 sel0.1 qid0,baseline,CaseB:zorder_morton,15,22.189694922417402,5460.762689937837,4794.525231001899,40.0,0.27685546875,1.0,71,60.077052639098845,774.2354242037981,0.488912929412241,0.06666666666666667
tpc_h/q10 DEEP sf10 sel0.1 qid0,baseline,oracle,15,-2.735993009991944,5460.762689937837,4788.311169017106,55.0,0.803955078125,1.0,103,-146.73752120094528,935.2251116776212,0.30894167003508005,-0.06666666666666667
tpc_h/q12 DEEP sf10 sel0.01 qid0,B1,CaseB:chao_weighted,15,-12.596462154760957,1353.688421077095,1369.06696902588,28.0,0.072998046875,1.0,16,-231.60915988555644,-4.551067662153714,-0.3969618478279247,-0.6
tpc_h/q12 DEEP sf10 sel0.01 qid0,B1,CaseB:cum_sqrtf,15,-16.726258909329772,1353.688421077095,1369.9479650240391,40.0,0.27685546875,1.0,43,-235.63245330238715,87.52474387603183,-0.21730725851454596,-0.2
tpc_h/q12 DEEP sf10 sel0.01 qid0,B1,CaseB:hilbert_real,15,4.623944056220353,1353.688421077095,1363.1680880207568,56.0,0.846923828125,1.0,94,-29.639767899449605,133.30235337295255,0.1620302157017109,0.2
tpc_h/q12 DEEP sf10 sel0.01 qid0,B1,CaseB:hyperloglog,15,-10.911883902736008,1353.688421077095,1376.8472319934517,35.0,0.1688232421875,1.0,29,-231.7663767367291,-3.1522809710198603,-0.39697196293855125,-0.2
tpc_h/q12 DEEP sf10 sel0.01 qid0,B1,CaseB:ica_fastica,15,-9.142043069005013,1353.688421077095,1363.7679719831795,46.0,0.45428466796875,1.0,65,-162.28805724104555,108.08181429378803,-0.09601336233899099,-0.06666666666666667
tpc_h/q12 DEEP sf10 sel0.01 qid0,B1,CaseB:lavallee_hidiroglou,15,-4.578183055855334,1353.688421077095,1371.6424530139193,42.0,0.33026123046875,1.0,51,-251.96169383086573,27.350930343964137,-0.3095535897067123,-0.3333333333333333
tpc_h/q12 DEEP sf10 sel0.01 qid0,B1,CaseB:mhist2,15,-3.7348991027101874,1353.688421077095,1364.7820201003924,39.0,0.25238037109375,1.0,41,-302.8494166592524,80.87750899547238,-0.2634861497885473,-0.2
tpc_h/q12 DEEP sf10 sel0.01 qid0,B1,CaseB:pca1d,15,4.492650041356683,1353.688421077095,1357.1255619172007,54.0,0.76153564453125,1.0,89,-230.6258670950774,96.6806173955168,-0.1436506052787248,0.2
tpc_h/q12 DEEP sf10 sel0.01 qid0,B1,CaseB:rabitq_strat,15,-2.8322500875219703,1353.688421077095,1365.4161469312385,41.0,0.30279541015625,1.0,49,-178.09126691310667,-2.5390732053589717,-0.3163314556141574,-0.2
tpc_h/q12 DEEP sf10 sel0.01 qid0,B1,CaseB:rsvd,15,-3.267947002314031,1353.688421077095,1352.0311679458246,56.0,0.846923828125,1.0,95,-152.79361176867195,28.899039407066677,-0.20256073055311602,-0.06666666666666667
tpc_h/q12 DEEP sf10 sel0.01 qid0,B1,CaseB:skilling_hilbert,15,-15.154190012253821,1353.688421077095,1390.34918602556,30.0,0.0946044921875,1.0,19,-262.9101325470644,79.69749147421679,-0.24399795216960876,-0.3333333333333333
tpc_h/q12 DEEP sf10 sel0.01 qid0,B1,CaseB:sparse_rp,15,2.4232249706983566,1353.688421077095,1363.052995991893,52.0,0.67877197265625,1.0,80,-301.8665481122055,-6.212099485371073,-0.43254788255578364,0.06666666666666667
tpc_h/q12 DEEP sf10 sel0.01 qid0,B1,CaseB:zorder_morton,15,-5.4341190261766315,1353.688421077095,1405.215649981983,41.0,0.30279541015625,1.0,48,-323.7242551019881,44.16458627073243,-0.3682516676521249,-0.06666666666666667
tpc_h/q12 DEEP sf10 sel0.01 qid0,B1,oracle,15,-31.323338043875992,1353.688421077095,1386.46162499208,41.0,0.30279541015625,1.0,47,-295.5174198234454,83.41878596363428,-0.25773846713917115,-0.06666666666666667
tpc_h/q12 DEEP sf10 sel0.01 qid0,baseline,B1,15,3159.287274000235,4516.848713043146,1353.688421077095,0.0,6.103515625e-05,0.00732421875,16,3137.4984218894197,3753.883097115322,5.127022547461456,1.0
tpc_h/q12 DEEP sf10 sel0.01 qid0,baseline,CaseB:chao_weighted,15,3149.3304290343076,4516.848713043146,1369.06696902588,0.0,6.103515625e-05,0.00732421875,20,3045.7781449579247,3626.904604737259,5.265595896607578,1.0
tpc_h/q12 DEEP sf10 sel0.01 qid0,baseline,CaseB:cum_sqrtf,15,3150.1409229822457,4516.848713043146,1369.9479650240391,0.0,6.103515625e-05,0.00732421875,25,3073.5593394828416,3647.763727320513,5.2543839141029,1.0
tpc_h/q12 DEEP sf10 sel0.01 qid0,baseline,CaseB:hilbert_real,15,3160.6557350605726,4516.848713043146,1363.1680880207568,0.0,6.103515625e-05,0.00732421875,18,3173.0026260130885,3778.935030085461,5.242968459033416,1.0
tpc_h/q12 DEEP sf10 sel0.01 qid0,baseline,CaseB:hyperloglog,15,3150.254790089093,4516.848713043146,1376.8472319934517,0.0,6.103515625e-05,0.00732421875,24,2990.771712568433,3682.4309195723617,4.3568365737558485,1.0
tpc_h/q12 DEEP sf10 sel0.01 qid0,baseline,CaseB:ica_fastica,15,3151.724776835181,4516.848713043146,1363.7679719831795,0.0,6.103515625e-05,0.00732421875,21,3134.700409674163,3681.6861427843105,5.727229058819769,1.0
tpc_h/q12 DEEP sf10 sel0.01 qid0,baseline,CaseB:lavallee_hidiroglou,15,3148.9935719873756,4516.848713043146,1371.6424530139193,0.0,6.103515625e-05,0.00732421875,26,3048.973648175015,3638.1160120774675,5.276220669094955,1.0
tpc_h/q12 DEEP sf10 sel0.01 qid0,baseline,CaseB:mhist2,15,3145.3325690235943,4516.848713043146,1364.7820201003924,0.0,6.103515625e-05,0.00732421875,29,3011.4163452384914,3641.6959019437977,4.907400430239965,1.0
tpc_h/q12 DEEP sf10 sel0.01 qid0,baseline,CaseB:pca1d,15,3165.9916039789096,4516.848713043146,1357.1255619172007,0.0,6.103515625e-05,0.00732421875,22,3087.656088474517,3669.00745809214,5.401145307560581,1.0
tpc_h/q12 DEEP sf10 sel0.01 qid0,baseline,CaseB:rabitq_strat,15,3153.4956210525706,4516.848713043146,1365.4161469312385,0.0,6.103515625e-05,0.00732421875,30,3098.534874760662,3645.282738804623,5.675569427982927,1.0
tpc_h/q12 DEEP sf10 sel0.01 qid0,baseline,CaseB:rsvd,15,3160.0522599183023,4516.848713043146,1352.0311679458246,0.0,6.103515625e-05,0.00732421875,27,3131.085143695042,3670.3925246815197,5.79107638455192,1.0
tpc_h/q12 DEEP sf10 sel0.01 qid0,baseline,CaseB:skilling_hilbert,15,3136.897742981091,4516.848713043146,1390.34918602556,0.0,6.103515625e-05,0.00732421875,19,3049.7459149952433,3638.985490979782,5.177841865140423,1.0
tpc_h/q12 DEEP sf10 sel0.01 qid0,baseline,CaseB:sparse_rp,15,3142.1592630213127,4516.848713043146,1363.052995991893,0.0,6.103515625e-05,0.00732421875,28,2977.646013565245,3615.604906295581,4.713522227807816,1.0
tpc_h/q12 DEEP sf10 sel0.01 qid0,baseline,CaseB:zorder_morton,15,3161.520806956105,4516.848713043146,1405.215649981983,0.0,6.103515625e-05,0.00732421875,23,2967.456807314302,3595.0582729464313,4.758085332975274,1.0
tpc_h/q12 DEEP sf10 sel0.01 qid0,baseline,oracle,15,3153.4853511257097,4516.848713043146,1386.46162499208,0.0,6.103515625e-05,0.00732421875,17,3016.9415555758555,3636.8618337451085,4.9746886868178155,1.0
tpc_h/q12 DEEP sf10 sel0.1 qid0,B1,CaseB:chao_weighted,15,-9.296873002313077,3841.689909924753,3869.496388011612,45.0,0.42120361328125,1.0,63,-144.45682467640532,7.491086111597998,-0.2715596470762737,-0.2
tpc_h/q12 DEEP sf10 sel0.1 qid0,B1,CaseB:cum_sqrtf,15,2.615660079754889,3841.689909924753,3837.4894079752266,52.0,0.67877197265625,1.0,82,-13.346903997201784,13.80879946732117,0.013879615528397504,0.2
tpc_h/q12 DEEP sf10 sel0.1 qid0,B1,CaseB:hilbert_real,15,0.628761132247746,3841.689909924753,3850.186020019464,52.0,0.67877197265625,1.0,81,-149.5146267187859,11.431165225803845,-0.23748229417329741,0.06666666666666667
tpc_h/q12 DEEP sf10 sel0.1 qid0,B1,CaseB:hyperloglog,15,-17.862754059024155,3841.689909924753,3862.283777911216,30.0,0.0946044921875,1.0,20,-161.87557596014813,0.5856471175017329,-0.28596866738480686,-0.3333333333333333
tpc_h/q12 DEEP sf10 sel0.1 qid0,B1,CaseB:ica_fastica,15,-4.256043117493391,3841.689909924753,3846.493743942119,51.0,0.638671875,1.0,78,-244.84063202437633,10.739175701940741,-0.3379196370936916,-0.06666666666666667
tpc_h/q12 DEEP sf10 sel0.1 qid0,B1,CaseB:lavallee_hidiroglou,15,10.210118955001235,3841.689909924753,3847.6760890334845,49.0,0.5614013671875,1.0,75,-145.80363073929524,20.016843591195837,-0.19601615973437586,0.06666666666666667
tpc_h/q12 DEEP sf10 sel0.1 qid0,B1,CaseB:mhist2,15,13.193230028264225,3841.689909924753,3842.2834270168096,51.0,0.638671875,1.0,79,-230.73568207929685,18.635490605180767,-0.3069142790898618,0.3333333333333333
tpc_h/q12 DEEP sf10 sel0.1 qid0,B1,CaseB:pca1d,15,3.092656028456986,3841.689909924753,3853.4549239557236,37.0,0.207763671875,1.0,37,-2.615123620683638,38.53115435864311,0.3655758073601965,0.2
tpc_h/q12 DEEP sf10 sel0.1 qid0,B1,CaseB:rabitq_strat,15,-0.23565406445413828,3841.689909924753,3844.5758130401373,57.0,0.890380859375,1.0,99,-16.13066035652688,13.22594678475675,-0.05047846868764888,-0.06666666666666667
tpc_h/q12 DEEP sf10 sel0.1 qid0,B1,CaseB:rsvd,15,-13.857719022780657,3841.689909924753,3868.309359997511,35.0,0.1688232421875,1.0,30,-234.9447494793761,1.106916157683976,-0.3694234838847626,-0.3333333333333333
tpc_h/q12 DEEP sf10 sel0.1 qid0,B1,CaseB:skilling_hilbert,15,-1.4459849335253239,3841.689909924753,3852.3242420051247,60.0,1.0,1.0,112,-143.81877032166813,18.791099797429816,-0.21527673713828974,-0.06666666666666667
tpc_h/q12 DEEP sf10 sel0.1 qid0,B1,CaseB:sparse_rp,15,11.39793696347624,3841.689909924753,3829.0814699139446,40.0,0.27685546875,1.0,44,-131.52089803227378,32.2369153634645,-0.1434566697703773,0.2
tpc_h/q12 DEEP sf10 sel0.1 qid0,B1,CaseB:zorder_morton,15,-12.844413053244352,3841.689909924753,3864.795660949312,54.0,0.76153564453125,1.0,90,-223.92069516742293,16.703201552930572,-0.317604527661081,-0.2
tpc_h/q12 DEEP sf10 sel0.1 qid0,B1,oracle,15,-2.2512730211019516,3841.689909924753,3849.9080459587276,48.0,0.52447509765625,1.0,72,-291.0749971973322,2.403627564199246,-0.4213120685366896,-0.06666666666666667
tpc_h/q12 DEEP sf10 sel0.1 qid0,baseline,B1,15,11.008740868419409,3851.8809330416843,3841.689909924753,47.0,0.48870849609375,1.0,86,-8.499626837631999,24.10074522757592,0.21908972324701653,0.06666666666666667
tpc_h/q12 DEEP sf10 sel0.1 qid0,baseline,CaseB:chao_weighted,15,9.067140985280275,3851.8809330416843,3869.496388011612,55.0,0.803955078125,1.0,105,-131.5829271743617,11.14623004046734,-0.2369851958729127,0.2
tpc_h/q12 DEEP sf10 sel0.1 qid0,baseline,CaseB:cum_sqrtf,15,-1.4956188388168812,3851.8809330416843,3837.4894079752266,53.0,0.7197265625,1.0,96,-11.182313856358329,27.692746643442653,0.19226937339884848,-0.2
tpc_h/q12 DEEP sf10 sel0.1 qid0,baseline,CaseB:hilbert_real,15,-2.333237905986607,3851.8809330416843,3850.186020019464,57.0,0.890380859375,1.0,109,-146.5609491490371,24.17524455774884,-0.19151680602105167,-0.06666666666666667
tpc_h/q12 DEEP sf10 sel0.1 qid0,baseline,CaseB:hyperloglog,15,2.4724379181861877,3851.8809330416843,3862.283777911216,59.0,0.97796630859375,1.0,117,-160.36075941364592,14.634050998332288,-0.23741201059888717,0.2
tpc_h/q12 DEEP sf10 sel0.1 qid0,baseline,CaseB:ica_fastica,15,-3.9172250544652343,3851.8809330416843,3846.493743942119,57.0,0.890380859375,1.0,110,-238.05569372042856,20.262417824317993,-0.3086895132094445,-0.06666666666666667
tpc_h/q12 DEEP sf10 sel0.1 qid0,baseline,CaseB:lavallee_hidiroglou,15,20.75698901899159,3851.8809330416843,3847.6760890334845,31.0,0.10699462890625,1.0,67,-145.46572594224318,30.85814589110668,-0.14961687995673353,0.4666666666666667
tpc_h/q12 DEEP sf10 sel0.1 qid0,baseline,CaseB:mhist2,15,16.897973138839006,3851.8809330416843,3842.2834270168096,42.0,0.33026123046875,1.0,77,-228.62309678651704,31.03602583500711,-0.26731284994955085,0.2
tpc_h/q12 DEEP sf10 sel0.1 qid0,baseline,CaseB:pca1d,15,22.266802028752863,3851.8809330416843,3853.4549239557236,27.0,0.063720703125,1.0,64,1.9749369922404487,45.73858173137219,0.503294398460911,0.4666666666666667
tpc_h/q12 DEEP sf10 sel0.1 qid0,baseline,CaseB:rabitq_strat,15,2.8250549221411347,3851.8809330416843,3844.5758130401373,45.0,0.42120361328125,1.0,83,-11.759630549155796,23.644744764897027,0.15872531917710617,0.2
tpc_h/q12 DEEP sf10 sel0.1 qid0,baseline,CaseB:rsvd,15,0.8588709169998765,3851.8809330416843,3868.309359997511,53.0,0.7197265625,1.0,97,-225.11458782323948,10.115884420811197,-0.3394211536392376,0.06666666666666667
tpc_h/q12 DEEP sf10 sel0.1 qid0,baseline,CaseB:skilling_hilbert,15,5.119079956784844,3851.8809330416843,3852.3242420051247,49.0,0.5614013671875,1.0,90,-134.54488079141206,26.287769697955802,-0.17789610262877148,0.2
tpc_h/q12 DEEP sf10 sel0.1 qid0,baseline,CaseB:sparse_rp,15,24.03484797105193,3851.8809330416843,3829.0814699139446,36.0,0.1876220703125,1.0,68,-132.79422393864178,45.40896425081882,-0.09814583745836009,0.2
tpc_h/q12 DEEP sf10 sel0.1 qid0,baseline,CaseB:zorder_morton,15,-2.4329230654984713,3851.8809330416843,3864.795660949312,58.0,0.93408203125,1.0,115,-221.22636558837257,28.827372068384037,-0.27802321325222795,-0.06666666666666667
tpc_h/q12 DEEP sf10 sel0.1 qid0,baseline,oracle,15,-4.008869989775121,3851.8809330416843,3849.9080459587276,50.0,0.5994873046875,1.0,91,-273.5282272802821,4.609401789105789,-0.4197154568390587,-0.06666666666666667
tpc_h/q3 DEEP sf10 sel0.01 qid0,B1,CaseB:chao_weighted,15,-36.05007496662438,2421.455682022497,3222.6468049921095,30.0,0.0946044921875,1.0,21,-454.10082926663256,146.92397904698726,-0.2697736223674366,-0.6
tpc_h/q3 DEEP sf10 sel0.01 qid0,B1,CaseB:cum_sqrtf,15,7.599435048177838,2421.455682022497,2385.822035954334,54.0,0.76153564453125,1.0,91,-228.5276289487956,303.65563778303704,0.05991713148107319,0.2
tpc_h/q3 DEEP sf10 sel0.01 qid0,B1,CaseB:hilbert_real,15,2.4605010403320193,2421.455682022497,2513.9730469090864,58.0,0.93408203125,1.0,103,-365.4582990531344,259.27737172615394,-0.06167105527840223,0.06666666666666667
tpc_h/q3 DEEP sf10 sel0.01 qid0,B1,CaseB:hyperloglog,15,-94.68833298888057,2421.455682022497,3191.8135449523106,19.0,0.01806640625,1.0,6,-451.3676385238068,128.5444538279746,-0.2853523473133674,-0.6
tpc_h/q3 DEEP sf10 sel0.01 qid0,B1,CaseB:ica_fastica,15,-52.5348000228405,2421.455682022497,2470.4517560312524,32.0,0.12054443359375,1.0,23,-343.8525697619965,176.3339445817594,-0.164665627873805,-0.3333333333333333
tpc_h/q3 DEEP sf10 sel0.01 qid0,B1,CaseB:lavallee_hidiroglou,15,-18.815185991115868,2421.455682022497,2408.4097670856863,58.0,0.93408203125,1.0,105,-304.4475057125479,345.22531065236154,0.018511783530224115,-0.2
tpc_h/q3 DEEP sf10 sel0.01 qid0,B1,CaseB:mhist2,15,-2.487942110747099,2421.455682022497,2494.020982994698,52.0,0.67877197265625,1.0,83,-363.03689710194396,264.26763359166205,-0.075817670461109,-0.06666666666666667
tpc_h/q3 DEEP sf10 sel0.01 qid0,B1,CaseB:pca1d,15,-4.264132003299892,2421.455682022497,2429.573493078351,58.0,0.93408203125,1.0,104,-309.6680652484065,345.1601346582174,0.02462573620543916,-0.06666666666666667
tpc_h/q3 DEEP sf10 sel0.01 qid0,B1,CaseB:rabitq_strat,15,-35.6778260320425,2421.455682022497,2426.5147199621424,42.0,0.33026123046875,1.0,52,-241.5726492140675,176.85720566912386,-0.10801233600747771,-0.06666666666666667
tpc_h/q3 DEEP sf10 sel0.01 qid0,B1,CaseB:rsvd,15,36.804434028454125,2421.455682022497,2395.6988930003718,38.0,0.22930908203125,1.0,38,-133.2886648166459,413.0524674880627,0.2114604069204933,0.2
tpc_h/q3 DEEP sf10 sel0.01 qid0,B1,CaseB:skilling_hilbert,15,6.292226957157254,2421.455682022497,2462.3570629628375,59.0,0.97796630859375,1.0,108,-325.2493599321072,243.5211638615388,-0.059024183878475106,0.06666666666666667
tpc_h/q3 DEEP sf10 sel0.01 qid0,B1,CaseB:sparse_rp,15,9.048498002812266,2421.455682022497,2878.861694014631,57.0,0.890380859375,1.0,100,-431.3574046565918,255.66210275011434,-0.1318749559230731,0.06666666666666667
tpc_h/q3 DEEP sf10 sel0.01 qid0,B1,CaseB:zorder_morton,15,-95.03042593132704,2421.455682022497,2471.1033429484814,27.0,0.063720703125,1.0,13,-325.0149725672478,255.33160972234302,-0.07879533744986968,-0.7333333333333333
tpc_h/q3 DEEP sf10 sel0.01 qid0,B1,oracle,15,-22.624992998316884,2421.455682022497,2886.8850970175117,49.0,0.5614013671875,1.0,76,-398.7974439144212,298.6643192953971,-0.07395668064854147,-0.2
tpc_h/q3 DEEP sf10 sel0.01 qid0,baseline,B1,15,3713.3684549480677,6084.144261898473,2421.455682022497,0.0,6.103515625e-05,0.00732421875,31,3498.118056804524,4546.7348835793855,3.540329449107561,1.0
tpc_h/q3 DEEP sf10 sel0.01 qid0,baseline,CaseB:chao_weighted,15,3699.2438859306276,6084.144261898473,3222.6468049921095,0.0,6.103515625e-05,0.00732421875,35,3266.842645917592,4386.618055416815,3.227162092810838,1.0
tpc_h/q3 DEEP sf10 sel0.01 qid0,baseline,CaseB:cum_sqrtf,15,3577.6280669961125,6084.144261898473,2385.822035954334,0.0,6.103515625e-05,0.00732421875,40,3513.293483647867,4619.483647105904,3.4451808560421067,1.0
tpc_h/q3 DEEP sf10 sel0.01 qid0,baseline,CaseB:hilbert_real,15,3629.3929740786552,6084.144261898473,2513.9730469090864,0.0,6.103515625e-05,0.00732421875,33,3548.377567154239,4388.5801041784,4.30546687200958,1.0
tpc_h/q3 DEEP sf10 sel0.01 qid0,baseline,CaseB:hyperloglog,15,3659.180447924882,6084.144261898473,3191.8135449523106,0.0,6.103515625e-05,0.00732421875,39,3366.1174384795595,4315.373748051934,3.7219773576022335,1.0
tpc_h/q3 DEEP sf10 sel0.01 qid0,baseline,CaseB:ica_fastica,15,3567.0972550287843,6084.144261898473,2470.4517560312524,0.0,6.103515625e-05,0.00732421875,36,3512.0186960237334,4359.44114084666,4.276215216151432,1.0
tpc_h/q3 DEEP sf10 sel0.01 qid0,baseline,CaseB:lavallee_hidiroglou,15,3514.363537891768,6084.144261898473,2408.4097670856863,0.0,6.103515625e-05,0.00732421875,41,3412.673879949337,4672.560197734274,2.895663220356087,1.0
tpc_h/q3 DEEP sf10 sel0.01 qid0,baseline,CaseB:mhist2,15,3580.178193980828,6084.144261898473,2494.020982994698,0.0,6.103515625e-05,0.00732421875,44,3529.023917147424,4403.674683736948,4.255713162047288,1.0
tpc_h/q3 DEEP sf10 sel0.01 qid0,baseline,CaseB:pca1d,15,3553.028432885185,6084.144261898473,2429.573493078351,0.0,6.103515625e-05,0.00732421875,37,3547.891215441632,4549.700260985409,3.6688793988377406,1.0
tpc_h/q3 DEEP sf10 sel0.01 qid0,baseline,CaseB:rabitq_strat,15,3615.2336230734363,6084.144261898473,2426.5147199621424,0.0,6.103515625e-05,0.00732421875,45,3437.4691471408973,4528.1768922404935,3.401543187573474,1.0
tpc_h/q3 DEEP sf10 sel0.01 qid0,baseline,CaseB:rsvd,15,3778.9891760330647,6084.144261898473,2395.6988930003718,0.0,6.103515625e-05,0.00732421875,42,3590.214599647443,4693.805564993527,3.508708471744376,1.0
tpc_h/q3 DEEP sf10 sel0.01 qid0,baseline,CaseB:skilling_hilbert,15,3654.4004059396684,6084.144261898473,2462.3570629628375,0.0,6.103515625e-05,0.00732421875,34,3516.0493603581563,4443.360583956043,3.9991335023099945,1.0
tpc_h/q3 DEEP sf10 sel0.01 qid0,baseline,CaseB:sparse_rp,15,3728.0053969006985,6084.144261898473,2878.861694014631,0.0,6.103515625e-05,0.00732421875,43,3438.623542683781,4404.003332352538,3.7298679994570767,1.0
tpc_h/q3 DEEP sf10 sel0.01 qid0,baseline,CaseB:zorder_morton,15,3638.496140949428,6084.144261898473,2471.1033429484814,0.0,6.103515625e-05,0.00732421875,38,3495.4029257063908,4484.203148723075,3.721488279929387,1.0
tpc_h/q3 DEEP sf10 sel0.01 qid0,baseline,oracle,15,3620.25760486722,6084.144261898473,2886.8850970175117,0.0,6.103515625e-05,0.00732421875,32,3455.5323713449375,4469.031851368296,3.6884225219633877,1.0
tpc_h/q3 DEEP sf10 sel0.1 qid0,B1,CaseB:chao_weighted,15,238.11095696873963,6094.255417003296,6024.694073945284,23.0,0.03533935546875,1.0,9,253.98133850074373,1307.07823017612,0.6464653865163691,0.3333333333333333
tpc_h/q3 DEEP sf10 sel0.1 qid0,B1,CaseB:cum_sqrtf,15,288.9759478857741,6094.255417003296,5990.506596979685,27.0,0.063720703125,1.0,14,-232.92478292481974,1069.9351717974057,0.325995237516933,0.4666666666666667
tpc_h/q3 DEEP sf10 sel0.1 qid0,B1,CaseB:hilbert_real,15,219.31572200264782,6094.255417003296,6071.756517980248,44.0,0.389404296875,1.0,57,-202.75052863153786,1052.4653479171677,0.2685126125162428,0.2
tpc_h/q3 DEEP sf10 sel0.1 qid0,B1,CaseB:hyperloglog,15,762.9571639699861,6094.255417003296,5271.877683931962,23.0,0.03533935546875,1.0,10,279.6435901805914,1219.2300493452542,0.7337855658784401,0.2
tpc_h/q3 DEEP sf10 sel0.1 qid0,B1,CaseB:ica_fastica,15,2.1442390279844403,6094.255417003296,6035.648303921334,44.0,0.389404296875,1.0,58,-4.188942232867702,1081.1506024720923,0.4308711401160747,0.06666666666666667
tpc_h/q3 DEEP sf10 sel0.1 qid0,B1,CaseB:lavallee_hidiroglou,15,113.9597229193896,6094.255417003296,6109.598464914598,40.0,0.27685546875,1.0,45,-429.30275668487104,1037.281712538873,0.20454066465575377,0.2
tpc_h/q3 DEEP sf10 sel0.1 qid0,B1,CaseB:mhist2,15,345.2190050156787,6094.255417003296,5979.711881023832,44.0,0.389404296875,1.0,59,-385.5238329656034,896.5193464855349,0.1836744391325419,0.3333333333333333
tpc_h/q3 DEEP sf10 sel0.1 qid0,B1,CaseB:pca1d,15,42.485527927055955,6094.255417003296,6024.141222937033,33.0,0.1353759765625,1.0,26,144.8315297573572,1091.029114015982,0.5426431614826064,0.06666666666666667
tpc_h/q3 DEEP sf10 sel0.1 qid0,B1,CaseB:rabitq_strat,15,524.6665709419176,6094.255417003296,5258.382102008909,20.0,0.02154541015625,1.0,8,133.50598363089375,1096.3573627959704,0.5693580109924365,0.4666666666666667
tpc_h/q3 DEEP sf10 sel0.1 qid0,B1,CaseB:rsvd,15,56.672503938898444,6094.255417003296,6070.813429076225,34.0,0.15142822265625,1.0,28,-47.496933140597925,897.154824636139,0.3718010065433908,0.3333333333333333
tpc_h/q3 DEEP sf10 sel0.1 qid0,B1,CaseB:skilling_hilbert,15,48.95268694963306,6094.255417003296,6043.682602001354,36.0,0.1876220703125,1.0,33,-19.738563157734458,1160.5237285078813,0.40985029952982877,0.2
tpc_h/q3 DEEP sf10 sel0.1 qid0,B1,CaseB:sparse_rp,15,213.0025370279327,6094.255417003296,6097.859486937523,19.0,0.01806640625,1.0,7,276.0255121461038,1087.1985185883627,0.7285246294960935,0.3333333333333333
tpc_h/q3 DEEP sf10 sel0.1 qid0,B1,CaseB:zorder_morton,15,358.9161669369787,6094.255417003296,6022.184427944012,26.0,0.05535888671875,1.0,12,4.430766406973516,1177.0269660938836,0.44334529156725044,0.4666666666666667
tpc_h/q3 DEEP sf10 sel0.1 qid0,B1,oracle,15,31.2698531197384,6094.255417003296,6104.637135984376,35.0,0.1688232421875,1.0,31,-41.69744152808561,1079.2487716742703,0.4084611682592878,0.3333333333333333
tpc_h/q3 DEEP sf10 sel0.1 qid0,baseline,B1,15,-83.54368293657899,6050.5329630104825,6094.255417003296,37.0,0.207763671875,1.0,69,-1552.7331086180252,-104.67812084845114,-0.4860565211348983,-0.06666666666666667
tpc_h/q3 DEEP sf10 sel0.1 qid0,baseline,CaseB:chao_weighted,15,25.8388890651986,6050.5329630104825,6024.694073945284,58.0,0.93408203125,1.0,116,-442.05492072719306,464.7153123041304,-0.007379711798435597,0.2
tpc_h/q3 DEEP sf10 sel0.1 qid0,baseline,CaseB:cum_sqrtf,15,30.130177037790418,6050.5329630104825,5990.506596979685,43.0,0.359130859375,1.0,82,-766.0378013267958,133.54353727695178,-0.3106571479156351,0.06666666666666667
tpc_h/q3 DEEP sf10 sel0.1 qid0,baseline,CaseB:hilbert_real,15,36.31322900764644,6050.5329630104825,6071.756517980248,57.0,0.890380859375,1.0,111,-1056.9907902730242,188.03986569459084,-0.29825661384337326,0.3333333333333333
tpc_h/q3 DEEP sf10 sel0.1 qid0,baseline,CaseB:hyperloglog,15,97.39884594455361,6050.5329630104825,5271.877683931962,59.0,0.97796630859375,1.0,119,-598.1915291076681,482.9107597093872,-0.02911673386381305,0.06666666666666667
tpc_h/q3 DEEP sf10 sel0.1 qid0,baseline,CaseB:ica_fastica,15,17.739532981067896,6050.5329630104825,6035.648303921334,59.0,0.97796630859375,1.0,118,-894.7135934452914,251.84503489930628,-0.19924193211982202,0.2
tpc_h/q3 DEEP sf10 sel0.1 qid0,baseline,CaseB:lavallee_hidiroglou,15,-122.40359804127365,6050.5329630104825,6109.598464914598,40.0,0.27685546875,1.0,72,-1072.8944449749542,143.60594605968794,-0.33897528865348886,-0.06666666666666667
tpc_h/q3 DEEP sf10 sel0.1 qid0,baseline,CaseB:mhist2,15,-175.922141992487,6050.5329630104825,5979.711881023832,37.0,0.207763671875,1.0,70,-1085.389976981678,21.8642711088362,-0.42722273253591425,-0.06666666666666667
tpc_h/q3 DEEP sf10 sel0.1 qid0,baseline,CaseB:pca1d,15,28.31941901240498,6050.5329630104825,6024.141222937033,54.0,0.76153564453125,1.0,102,-716.521281254051,280.91298399046826,-0.1693190354956003,0.06666666666666667
tpc_h/q3 DEEP sf10 sel0.1 qid0,baseline,CaseB:rabitq_strat,15,80.32892388291657,6050.5329630104825,5258.382102008909,57.0,0.890380859375,1.0,113,-942.0133784700495,485.1212998495126,-0.1256446620464706,0.06666666666666667
tpc_h/q3 DEEP sf10 sel0.1 qid0,baseline,CaseB:rsvd,15,-151.95453097112477,6050.5329630104825,6070.813429076225,41.0,0.30279541015625,1.0,74,-933.0153139511822,90.79246176658972,-0.3521830095517963,-0.06666666666666667
tpc_h/q3 DEEP sf10 sel0.1 qid0,baseline,CaseB:skilling_hilbert,15,35.18714499659836,6050.5329630104825,6043.682602001354,54.0,0.76153564453125,1.0,101,-934.4166036514798,229.63045302817284,-0.19133151544010318,0.3333333333333333
tpc_h/q3 DEEP sf10 sel0.1 qid0,baseline,CaseB:sparse_rp,15,19.638789002783597,6050.5329630104825,6097.859486937523,51.0,0.638671875,1.0,94,-569.4386684393976,320.23746167387145,-0.12038090063831909,0.06666666666666667
tpc_h/q3 DEEP sf10 sel0.1 qid0,baseline,CaseB:zorder_morton,15,45.812604017555714,6050.5329630104825,6022.184427944012,57.0,0.890380859375,1.0,112,-761.5141982150575,257.46925732392504,-0.1753666976896082,0.2
tpc_h/q3 DEEP sf10 sel0.1 qid0,baseline,oracle,15,-206.9775820709765,6050.5329630104825,6104.637135984376,43.0,0.359130859375,1.0,81,-696.2280712930564,143.92452876355165,-0.2898939515425696,-0.06666666666666667
tpc_h/q9 DEEP sf10 sel0.01 qid0,B1,CaseB:chao_weighted,15,-549.8348980909213,1348.1716869864613,1894.470595056191,0.0,6.103515625e-05,0.0068359375,1,-555.5989807395963,-370.0035023780462,-2.3165703418511785,-1.0
tpc_h/q9 DEEP sf10 sel0.01 qid0,B1,CaseB:cum_sqrtf,15,-552.6322320802137,1348.1716869864613,1898.6679690424353,1.0,0.0001220703125,0.013427734375,4,-581.646365901106,-392.1801571821563,-2.39693482812273,-0.8666666666666667
tpc_h/q9 DEEP sf10 sel0.01 qid0,B1,CaseB:hilbert_real,15,-7.451880956068635,1348.1716869864613,1349.5841020485386,47.0,0.48870849609375,1.0,68,-39.34154188764902,54.395453095009145,0.04451581618628352,-0.2
tpc_h/q9 DEEP sf10 sel0.01 qid0,B1,CaseB:hyperloglog,15,-7.888722117058933,1348.1716869864613,1347.6327949902043,31.0,0.10699462890625,1.0,22,-63.2506410125643,4.691788334554661,-0.32740565605058425,-0.4666666666666667
tpc_h/q9 DEEP sf10 sel0.01 qid0,B1,CaseB:ica_fastica,15,-11.724361102096736,1348.1716869864613,1355.5344069609419,38.0,0.22930908203125,1.0,39,-78.8320016459329,52.95107584427266,-0.08334826131837209,-0.4666666666666667
tpc_h/q9 DEEP sf10 sel0.01 qid0,B1,CaseB:lavallee_hidiroglou,15,-11.951972963288426,1348.1716869864613,1345.7000349881127,52.0,0.67877197265625,1.0,85,-64.70674309743724,104.17271552626808,0.09353980968125172,-0.2
tpc_h/q9 DEEP sf10 sel0.01 qid0,B1,CaseB:mhist2,15,-5.452195997349918,1348.1716869864613,1347.0003829570487,59.0,0.97796630859375,1.0,109,-60.83575508828896,101.62012848789642,0.11605356857087977,-0.06666666666666667
tpc_h/q9 DEEP sf10 sel0.01 qid0,B1,CaseB:pca1d,15,0.8965919259935617,1348.1716869864613,1337.20861596521,43.0,0.359130859375,1.0,54,-6.095272906241007,91.1385047016665,0.31998678004378595,0.06666666666666667
tpc_h/q9 DEEP sf10 sel0.01 qid0,B1,CaseB:rabitq_strat,15,-551.8783838488162,1348.1716869864613,1901.1214969214052,1.0,0.0001220703125,0.013427734375,5,-581.9656188859759,-375.09102680662187,-2.133740464503928,-0.8666666666666667
tpc_h/q9 DEEP sf10 sel0.01 qid0,B1,CaseB:rsvd,15,1.7093369970098138,1348.1716869864613,1347.9704330675304,58.0,0.93408203125,1.0,106,-36.006192187196575,68.43868383730293,0.07584370425313604,0.2
tpc_h/q9 DEEP sf10 sel0.01 qid0,B1,CaseB:skilling_hilbert,15,-545.4887630185112,1348.1716869864613,1893.6604500049725,1.0,0.0001220703125,0.013427734375,3,-549.4544447543254,-378.05430614602915,-2.515924055236084,-0.8666666666666667
tpc_h/q9 DEEP sf10 sel0.01 qid0,B1,CaseB:sparse_rp,15,-4.750410094857216,1348.1716869864613,1342.8556179860607,46.0,0.45428466796875,1.0,66,-69.97044635354541,14.375297967150448,-0.20997627283486184,-0.2
tpc_h/q9 DEEP sf10 sel0.01 qid0,B1,CaseB:zorder_morton,15,-539.5244900137186,1348.1716869864613,1895.4921930562705,0.0,6.103515625e-05,0.0068359375,2,-537.1349251712672,-420.7627021513569,-3.676337307518315,-1.0
tpc_h/q9 DEEP sf10 sel0.01 qid0,B1,oracle,15,-11.145131080411375,1348.1716869864613,1352.6459289714694,52.0,0.67877197265625,1.0,84,-21.899669415627915,30.880691017373447,0.03384589370162026,-0.06666666666666667
tpc_h/q9 DEEP sf10 sel0.01 qid0,baseline,B1,15,1477.310082060285,2833.638748037629,1348.1716869864613,0.0,6.103515625e-05,0.00732421875,46,1127.193023271005,1450.884617814639,3.6159956075784594,1.0
tpc_h/q9 DEEP sf10 sel0.01 qid0,baseline,CaseB:chao_weighted,15,929.8064429312944,2833.638748037629,1894.470595056191,0.0,6.103515625e-05,0.00732421875,50,636.8008619785542,995.2263216076727,2.092694236086264,1.0
tpc_h/q9 DEEP sf10 sel0.01 qid0,baseline,CaseB:cum_sqrtf,15,921.4870110154152,2833.638748037629,1898.6679690424353,0.0,6.103515625e-05,0.00732421875,55,626.5271558862878,946.6368484933624,2.237568760426928,1.0
tpc_h/q9 DEEP sf10 sel0.01 qid0,baseline,CaseB:hilbert_real,15,1476.1205719551072,2833.638748037629,1349.5841020485386,0.0,6.103515625e-05,0.00732421875,48,1146.6302516901244,1429.9511805033155,4.172220204083319,1.0
tpc_h/q9 DEEP sf10 sel0.01 qid0,baseline,CaseB:hyperloglog,15,1468.6655369587243,2833.638748037629,1347.6327949902043,0.0,6.103515625e-05,0.00732421875,54,1099.3237319710897,1420.908523540129,3.555441946434544,1.0
tpc_h/q9 DEEP sf10 sel0.01 qid0,baseline,CaseB:ica_fastica,15,1472.1249811118469,2833.638748037629,1355.5344069609419,0.0,6.103515625e-05,0.00732421875,51,1139.611096579659,1406.9452398885428,4.292800687458561,1.0
tpc_h/q9 DEEP sf10 sel0.01 qid0,baseline,CaseB:lavallee_hidiroglou,15,1474.081057938747,2833.638748037629,1345.7000349881127,0.0,6.103515625e-05,0.00732421875,56,1170.5849699200676,1430.4361822262097,4.613937059146525,1.0
tpc_h/q9 DEEP sf10 sel0.01 qid0,baseline,CaseB:mhist2,15,1475.8049099473283,2833.638748037629,1347.0003829570487,0.0,6.103515625e-05,0.00732421875,59,1186.3035840432472,1425.2774981906018,4.965012964171405,1.0
tpc_h/q9 DEEP sf10 sel0.01 qid0,baseline,CaseB:pca1d,15,1463.9163210522383,2833.638748037629,1337.20861596521,0.0,6.103515625e-05,0.00732421875,52,1169.4554850558052,1472.3478304220287,3.942225976305205,1.0
tpc_h/q9 DEEP sf10 sel0.01 qid0,baseline,CaseB:rabitq_strat,15,924.2647850187495,2833.638748037629,1901.1214969214052,0.0,6.103515625e-05,0.00732421875,60,678.0578116379911,913.2318460978179,2.954618554715768,1.0
tpc_h/q9 DEEP sf10 sel0.01 qid0,baseline,CaseB:rsvd,15,1478.062838083133,2833.638748037629,1347.9704330675304,0.0,6.103515625e-05,0.00732421875,57,1131.7401397761812,1458.0163280786169,3.623439973127167,1.0
tpc_h/q9 DEEP sf10 sel0.01 qid0,baseline,CaseB:skilling_hilbert,15,912.5054110772908,2833.638748037629,1893.6604500049725,0.0,6.103515625e-05,0.00732421875,49,673.8894337586438,942.6863202276096,2.674545968695259,1.0
tpc_h/q9 DEEP sf10 sel0.01 qid0,baseline,CaseB:sparse_rp,15,1474.064926034771,2833.638748037629,1342.8556179860607,0.0,6.103515625e-05,0.00732421875,58,1113.1736849417211,1415.2519940311322,3.7882897521558134,1.0
tpc_h/q9 DEEP sf10 sel0.01 qid0,baseline,CaseB:zorder_morton,15,929.9897700548172,2833.638748037629,1895.4921930562705,0.0,6.103515625e-05,0.00732421875,53,636.3431765977293,975.2260502974967,2.0938196680531247,1.0
tpc_h/q9 DEEP sf10 sel0.01 qid0,baseline,oracle,15,1459.823693963699,2833.638748037629,1352.6459289714694,0.0,6.103515625e-05,0.00732421875,47,1129.266904524023,1449.4236296392046,3.6415785034415338,1.0
tpc_h/q9 DEEP sf10 sel0.1 qid0,B1,CaseB:chao_weighted,15,54.18477300554514,3004.6930969692767,2973.478553001769,38.0,0.22930908203125,1.0,40,-209.63079859269783,507.4038795985203,0.1974840879545467,0.2
tpc_h/q9 DEEP sf10 sel0.1 qid0,B1,CaseB:cum_sqrtf,15,-5.221400060690939,3004.6930969692767,3847.86581795197,48.0,0.52447509765625,1.0,74,-540.6157263548812,234.79559287001968,-0.19950072902862173,-0.06666666666666667
tpc_h/q9 DEEP sf10 sel0.1 qid0,B1,CaseB:hilbert_real,15,-0.5870830500498414,3004.6930969692767,3057.724579004571,48.0,0.52447509765625,1.0,73,-444.7123255080078,209.90787776594513,-0.17701588869596097,-0.06666666666666667
tpc_h/q9 DEEP sf10 sel0.1 qid0,B1,CaseB:hyperloglog,15,9.30798810441047,3004.6930969692767,3020.623742020689,55.0,0.803955078125,1.0,93,-304.8188124459314,414.70442790848494,0.06494494829569077,0.2
tpc_h/q9 DEEP sf10 sel0.1 qid0,B1,CaseB:ica_fastica,15,182.89366108365357,3004.6930969692767,3130.96440595109,44.0,0.389404296875,1.0,60,-337.9848177108215,452.42715177630697,0.0797214373660903,0.3333333333333333
tpc_h/q9 DEEP sf10 sel0.1 qid0,B1,CaseB:lavallee_hidiroglou,15,-45.303923077881336,3004.6930969692767,3776.905589038506,46.0,0.45428466796875,1.0,67,-485.45383920310996,254.5088073058285,-0.13996882344408626,-0.2
tpc_h/q9 DEEP sf10 sel0.1 qid0,B1,CaseB:mhist2,15,111.97650304529816,3004.6930969692767,2880.973123945296,36.0,0.1876220703125,1.0,34,-169.18712539035673,583.9611825395452,0.2545662932388542,0.4666666666666667
tpc_h/q9 DEEP sf10 sel0.1 qid0,B1,CaseB:pca1d,15,37.10852796211839,3004.6930969692767,3018.7918540323153,50.0,0.5994873046875,1.0,77,-329.52511196548585,411.73328588289803,0.05896778076995557,0.2
tpc_h/q9 DEEP sf10 sel0.1 qid0,B1,CaseB:rabitq_strat,15,202.6445409283042,3004.6930969692767,2982.0100869983435,43.0,0.359130859375,1.0,55,-228.12557412389043,452.6573584193829,0.15787844341446788,0.2
tpc_h/q9 DEEP sf10 sel0.1 qid0,B1,CaseB:rsvd,15,-0.7225080626085401,3004.6930969692767,3391.7235950939357,57.0,0.890380859375,1.0,101,-399.5719795037682,294.17535110105086,-0.10064281464030261,-0.06666666666666667
tpc_h/q9 DEEP sf10 sel0.1 qid0,B1,CaseB:skilling_hilbert,15,-6.208493025042117,3004.6930969692767,3002.837178995833,55.0,0.803955078125,1.0,92,-267.9630812715429,457.96009698863253,0.11492411305591202,-0.06666666666666667
tpc_h/q9 DEEP sf10 sel0.1 qid0,B1,CaseB:sparse_rp,15,-7.789625087752938,3004.6930969692767,3514.714590040967,52.0,0.67877197265625,1.0,87,-432.91182495013345,244.20336327263303,-0.1259770468613966,-0.2
tpc_h/q9 DEEP sf10 sel0.1 qid0,B1,CaseB:zorder_morton,15,29.973848955705762,3004.6930969692767,3007.188835996203,59.0,0.97796630859375,1.0,110,-480.67335726324626,380.87316573888495,-0.06268046596838865,0.06666666666666667
tpc_h/q9 DEEP sf10 sel0.1 qid0,B1,oracle,15,6.800377042964101,3004.6930969692767,3692.9405570263043,52.0,0.67877197265625,1.0,86,-538.6545764868303,300.05126559350174,-0.1350327208979617,0.06666666666666667
tpc_h/q9 DEEP sf10 sel0.1 qid0,baseline,B1,15,-78.21719697676599,2904.4912009267136,3004.6930969692767,41.0,0.30279541015625,1.0,75,-479.9446767846045,234.4548941838244,-0.13343830147615798,-0.2
tpc_h/q9 DEEP sf10 sel0.1 qid0,baseline,CaseB:chao_weighted,15,-86.55465696938336,2904.4912009267136,2973.478553001769,56.0,0.846923828125,1.0,108,-313.61241760275635,415.6971644994332,0.06054307310097888,-0.2
tpc_h/q9 DEEP sf10 sel0.1 qid0,baseline,CaseB:cum_sqrtf,15,-171.7414070153609,2904.4912009267136,3847.86581795197,29.0,0.083251953125,1.0,65,-621.6190499525206,96.05984172395733,-0.34987079537499616,-0.4666666666666667
tpc_h/q9 DEEP sf10 sel0.1 qid0,baseline,CaseB:hilbert_real,15,-162.7147380495444,2904.4912009267136,3057.724579004571,30.0,0.0946044921875,1.0,66,-566.8989458786867,126.44038304570118,-0.294403920564735,-0.6
tpc_h/q9 DEEP sf10 sel0.1 qid0,baseline,CaseB:hyperloglog,15,-108.33224607631564,2904.4912009267136,3020.623742020689,47.0,0.48870849609375,1.0,87,-374.07731784216594,251.15905295514185,-0.07808873226204176,-0.3333333333333333
tpc_h/q9 DEEP sf10 sel0.1 qid0,baseline,CaseB:ica_fastica,15,-48.134151147678494,2904.4912009267136,3130.96440595109,53.0,0.7197265625,1.0,99,-397.4246074410621,339.8044844037697,-0.045240722823962014,-0.3333333333333333
tpc_h/q9 DEEP sf10 sel0.1 qid0,baseline,CaseB:lavallee_hidiroglou,15,-163.66987791843712,2904.4912009267136,3776.905589038506,40.0,0.27685546875,1.0,73,-623.075297694304,211.0953006156098,-0.23296976051697751,-0.4666666666666667
tpc_h/q9 DEEP sf10 sel0.1 qid0,baseline,CaseB:mhist2,15,-34.25665386021137,2904.4912009267136,2880.973123945296,52.0,0.67877197265625,1.0,95,-214.17727688114005,377.259279382415,0.15769129887273828,-0.3333333333333333
tpc_h/q9 DEEP sf10 sel0.1 qid0,baseline,CaseB:pca1d,15,-36.537433974444866,2904.4912009267136,3018.7918540323153,55.0,0.803955078125,1.0,106,-451.007453360362,338.63475242843066,-0.0635678761557216,-0.2
tpc_h/q9 DEEP sf10 sel0.1 qid0,baseline,CaseB:rabitq_strat,15,-9.569343063049018,2904.4912009267136,2982.0100869983435,55.0,0.803955078125,1.0,107,-336.6456259480522,310.0695999672943,0.012743171848868612,-0.06666666666666667
tpc_h/q9 DEEP sf10 sel0.1 qid0,baseline,CaseB:rsvd,15,-82.43727392982692,2904.4912009267136,3391.7235950939357,45.0,0.42120361328125,1.0,84,-520.1790972232509,152.42863264963157,-0.23819846002183312,-0.3333333333333333
tpc_h/q9 DEEP sf10 sel0.1 qid0,baseline,CaseB:skilling_hilbert,15,-84.90875305142254,2904.4912009267136,3002.837178995833,53.0,0.7197265625,1.0,98,-384.4091012951685,371.91755912790467,-0.015484249322103275,-0.2
tpc_h/q9 DEEP sf10 sel0.1 qid0,baseline,CaseB:sparse_rp,15,-86.00682206451893,2904.4912009267136,3514.714590040967,42.0,0.33026123046875,1.0,79,-564.8568303985909,162.47221648479655,-0.24366397071079587,-0.4666666666666667
tpc_h/q9 DEEP sf10 sel0.1 qid0,baseline,CaseB:zorder_morton,15,-67.96593707986176,2904.4912009267136,3007.188835996203,41.0,0.30279541015625,1.0,76,-538.8820756931091,217.67052139407755,-0.1918488638555482,-0.3333333333333333
tpc_h/q9 DEEP sf10 sel0.1 qid0,baseline,oracle,15,-91.8423649854958,2904.4912009267136,3692.9405570263043,42.0,0.33026123046875,1.0,78,-601.0192589258077,150.4889693165507,-0.2688590658395791,-0.2
