cell,condition,raw_label,exec_ms_trimmed,exec_ms_median,plan_short,recovers_oracle,q_error,injected_card,true_card,injection_fired
tpc_h/q10 DEEP sf10 sel0.001 qid0,baseline,baseline,6303.010772224157,6629.114161944017,Gather > Sort > HJ > HJ > Seq > Hash > HJ > Seq > Hash > HJ > Seq > H…,False,,,7603.0,False
tpc_h/q10 DEEP sf10 sel0.001 qid0,B1,B1,973.8501815411908,1046.807202976197,Sort > NL > NL > Gather > NL > NL > Seq > IS > IS > IS > Seq,False,,0.0,7603.0,True
tpc_h/q10 DEEP sf10 sel0.001 qid0,oracle,oracle,959.9889850136466,1045.3217569738626,Gather > Sort > HJ > NL > NL > NL > Seq > IS > IS > IS > Hash > Seq,True,1.0,7603.0,7603.0,True
tpc_h/q10 DEEP sf10 sel0.001 qid0,pca2d_hilbert_xy2d,CaseB:hilbert_real,995.4889439082203,1039.1740310005844,Gather > Sort > HJ > NL > NL > NL > Seq > IS > IS > IS > Hash > Seq,True,1.1240614854247284,8546.23947368421,7603.0,True
tpc_h/q10 DEEP sf10 sel0.001 qid0,pca4_skilling_hilbert_approx,CaseB:skilling_hilbert,1000.2152326588447,1045.7958079641685,Gather > Sort > HJ > NL > NL > NL > Seq > IS > IS > IS > Hash > Seq,True,2.4906379310344824,3052.631578947369,7603.0,True
tpc_h/q10 DEEP sf10 sel0.001 qid0,chao_weighted,CaseB:chao_weighted,981.3499906225703,1043.890916975215,Gather > Sort > HJ > NL > NL > NL > Seq > IS > IS > IS > Hash > Seq,True,1.0621838235294114,7157.894736842107,7603.0,True
tpc_h/q10 DEEP sf10 sel0.001 qid0,ica_fastica,CaseB:ica_fastica,1001.7948369316471,1047.7818120270967,Gather > Sort > HJ > NL > NL > NL > Seq > IS > IS > IS > Hash > Seq,True,7.222849999999999,1052.6315789473686,7603.0,True
tpc_h/q10 DEEP sf10 sel0.001 qid0,pca1d,CaseB:pca1d,986.3634117735693,1050.5186839727685,Gather > Sort > HJ > NL > NL > NL > Seq > IS > IS > IS > Hash > Seq,True,2.4076166666666667,3157.8947368421054,7603.0,True
tpc_h/q10 DEEP sf10 sel0.001 qid0,pca2d_zorder_morton,CaseB:zorder_morton,994.1396621020081,1044.312330079265,Gather > Sort > HJ > NL > NL > NL > Seq > IS > IS > IS > Hash > Seq,True,1.80549584049914,4211.031578947369,7603.0,True
tpc_h/q10 DEEP sf10 sel0.001 qid0,md5_prefix_hash_bucket,CaseB:hyperloglog,984.5679159849309,1047.5559729384258,Gather > Sort > HJ > NL > NL > NL > Seq > IS > IS > IS > Hash > Seq,True,2.3595651064264205,3222.203947368421,7603.0,True
tpc_h/q10 DEEP sf10 sel0.001 qid0,cum_sqrtf,CaseB:cum_sqrtf,1047.3184968398598,1056.8064410472289,Gather > Sort > HJ > NL > NL > NL > Seq > IS > IS > IS > Hash > Seq,True,1.221121289211669,6226.244736842105,7603.0,True
tpc_h/q10 DEEP sf10 sel0.001 qid0,takeall_cumsqrtf,CaseB:lavallee_hidiroglou,934.6298867603764,1031.0803590109572,Gather > Sort > HJ > NL > NL > NL > Seq > IS > IS > IS > Hash > Seq,True,1.4999683303446176,5068.773684210527,7603.0,True
tpc_h/q10 DEEP sf10 sel0.001 qid0,rsvd,CaseB:rsvd,991.4921913564635,1046.6102509526536,Gather > Sort > HJ > NL > NL > NL > Seq > IS > IS > IS > Hash > Seq,True,2.2579503118696467,3367.2131578947374,7603.0,True
tpc_h/q10 DEEP sf10 sel0.001 qid0,sparse_rp,CaseB:sparse_rp,1010.2067693817214,1041.5523309493437,Gather > Sort > HJ > NL > NL > NL > Seq > IS > IS > IS > Hash > Seq,True,1.4892481519514145,5105.260657894737,7603.0,True
tpc_h/q10 DEEP sf10 sel0.001 qid0,pca2d_equi_depth_grid,CaseB:mhist2,989.8966862820089,1059.646576992236,Gather > Sort > HJ > NL > NL > NL > Seq > IS > IS > IS > Hash > Seq,True,2.1994480711036677,3456.7763157894733,7603.0,True
tpc_h/q10 DEEP sf10 sel0.001 qid0,rabitq_1bit_bucket,CaseB:rabitq_strat,940.4500209941314,1038.999966927804,Gather > Sort > HJ > NL > NL > NL > Seq > IS > IS > IS > Hash > Seq,True,5.717525573258554,1329.771052631579,7603.0,True
tpc_h/q10 DEEP sf10 sel0.001 qid1,baseline,baseline,6703.672568591383,6828.784234938212,Gather > Sort > HJ > HJ > Seq > Hash > HJ > Seq > Hash > HJ > Seq > H…,False,,,8013.0,False
tpc_h/q10 DEEP sf10 sel0.001 qid1,B1,B1,1065.42534493089,1065.6820239964873,Gather > Sort > HJ > NL > NL > NL > Seq > IS > IS > IS > Hash > Seq,True,1.9281281249999997,4155.844155844156,8013.0,True
tpc_h/q10 DEEP sf10 sel0.001 qid1,oracle,oracle,1042.215746227437,1060.4417560389265,Gather > Sort > HJ > NL > NL > NL > Seq > IS > IS > IS > Hash > Seq,True,1.0,8013.0,8013.0,True
tpc_h/q10 DEEP sf10 sel0.001 qid1,pca2d_hilbert_xy2d,CaseB:hilbert_real,1028.209001157218,1061.3110909471288,Gather > Sort > HJ > NL > NL > NL > Seq > IS > IS > IS > Hash > Seq,True,1.5647436707991327,5120.966551606289,8013.0,True
tpc_h/q10 DEEP sf10 sel0.001 qid1,pca4_skilling_hilbert_approx,CaseB:skilling_hilbert,1037.9653895327535,1062.0668089250103,Gather > Sort > HJ > NL > NL > NL > Seq > IS > IS > IS > Hash > Seq,True,1.307059761400379,6130.553656869447,8013.0,True
tpc_h/q10 DEEP sf10 sel0.001 qid1,chao_weighted,CaseB:chao_weighted,1068.8828887023892,1071.3881149422377,Gather > Sort > HJ > NL > NL > NL > Seq > IS > IS > IS > Hash > Seq,True,1.9155259803921567,4183.185235816815,8013.0,True
tpc_h/q10 DEEP sf10 sel0.001 qid1,ica_fastica,CaseB:ica_fastica,1042.28408045422,1057.1397630264983,Gather > Sort > HJ > NL > NL > NL > Seq > IS > IS > IS > Hash > Seq,True,1.0915279883830995,7341.085235816816,8013.0,True
tpc_h/q10 DEEP sf10 sel0.001 qid1,pca1d,CaseB:pca1d,1042.731364705385,1065.821625990793,Gather > Sort > HJ > NL > NL > NL > Seq > IS > IS > IS > Hash > Seq,True,1.0994109537653567,7288.448393711553,8013.0,True
tpc_h/q10 DEEP sf10 sel0.001 qid1,pca2d_zorder_morton,CaseB:zorder_morton,1012.7344886199213,1060.8982109697536,Gather > Sort > HJ > NL > NL > NL > Seq > IS > IS > IS > Hash > Seq,True,2.559621893607304,3130.5404989747094,8013.0,True
tpc_h/q10 DEEP sf10 sel0.001 qid1,md5_prefix_hash_bucket,CaseB:hyperloglog,1046.5885412413627,1067.024072050117,Gather > Sort > HJ > NL > NL > NL > Seq > IS > IS > IS > Hash > Seq,True,1.7018288104677208,4708.464183185237,8013.0,True
tpc_h/q10 DEEP sf10 sel0.001 qid1,cum_sqrtf,CaseB:cum_sqrtf,1035.2598511560175,1058.133119950071,Gather > Sort > HJ > NL > NL > NL > Seq > IS > IS > IS > Hash > Seq,True,1.5038869653448967,5328.19299897471,8013.0,True
tpc_h/q10 DEEP sf10 sel0.001 qid1,takeall_cumsqrtf,CaseB:lavallee_hidiroglou,1051.7299147680974,1065.734232077375,Gather > Sort > HJ > NL > NL > NL > Seq > IS > IS > IS > Hash > Seq,True,1.3834182154167602,5792.174709501025,8013.0,True
tpc_h/q10 DEEP sf10 sel0.001 qid1,rsvd,CaseB:rsvd,1066.6558030777826,1062.6181120751426,Gather > Sort > HJ > NL > NL > NL > Seq > IS > IS > IS > Hash > Seq,True,1.0057284748641793,7967.359183185235,8013.0,True
tpc_h/q10 DEEP sf10 sel0.001 qid1,sparse_rp,CaseB:sparse_rp,1066.7045025531058,1069.3553750170395,Gather > Sort > HJ > NL > NL > NL > Seq > IS > IS > IS > Hash > Seq,True,1.3102417090682867,10498.966814764182,8013.0,True
tpc_h/q10 DEEP sf10 sel0.001 qid1,pca2d_equi_depth_grid,CaseB:mhist2,1043.4135159280581,1060.1864620111883,Gather > Sort > HJ > NL > NL > NL > Seq > IS > IS > IS > Hash > Seq,True,1.8402294156278782,4354.3483937115525,8013.0,True
tpc_h/q10 DEEP sf10 sel0.001 qid1,rabitq_1bit_bucket,CaseB:rabitq_strat,1070.982139530735,1070.107633015141,Gather > Sort > HJ > NL > NL > NL > Seq > IS > IS > IS > Hash > Seq,True,1.1546707644558638,6939.64049897471,8013.0,True
tpc_h/q10 DEEP sf10 sel0.001 qid2,baseline,baseline,6609.147774548126,6826.0719910031185,Gather > Sort > HJ > HJ > Seq > Hash > HJ > Seq > Hash > HJ > Seq > H…,False,,,8090.0,False
tpc_h/q10 DEEP sf10 sel0.001 qid2,B1,B1,1060.1873403647915,1056.559041957371,Gather > Sort > HJ > NL > NL > NL > Seq > IS > IS > IS > Hash > Seq,True,1.2842534474178482,10389.610389610392,8090.0,True
tpc_h/q10 DEEP sf10 sel0.001 qid2,oracle,oracle,1065.0455661637423,1065.9348829649389,Gather > Sort > HJ > NL > NL > NL > Seq > IS > IS > IS > Hash > Seq,True,1.0,8090.0,8090.0,True
tpc_h/q10 DEEP sf10 sel0.001 qid2,pca2d_hilbert_xy2d,CaseB:hilbert_real,1050.4462842005664,1058.1306129461154,Gather > Sort > HJ > NL > NL > NL > Seq > IS > IS > IS > Hash > Seq,True,1.1625177197404117,9404.768352699932,8090.0,True
tpc_h/q10 DEEP sf10 sel0.001 qid2,pca4_skilling_hilbert_approx,CaseB:skilling_hilbert,1067.3955892158958,1067.0817430363968,Gather > Sort > HJ > NL > NL > NL > Seq > IS > IS > IS > Hash > Seq,True,1.2927024832561234,10457.963089542038,8090.0,True
tpc_h/q10 DEEP sf10 sel0.001 qid2,chao_weighted,CaseB:chao_weighted,1045.8893693732814,1055.9805850498378,Gather > Sort > HJ > NL > NL > NL > Seq > IS > IS > IS > Hash > Seq,True,1.1495758161557397,9300.068352699935,8090.0,True
tpc_h/q10 DEEP sf10 sel0.001 qid2,ica_fastica,CaseB:ica_fastica,1069.239120446862,1071.6559899738058,Gather > Sort > HJ > NL > NL > NL > Seq > IS > IS > IS > Hash > Seq,True,1.2927024832561234,10457.963089542038,8090.0,True
tpc_h/q10 DEEP sf10 sel0.001 qid2,pca1d,CaseB:pca1d,1065.1179082387198,1066.6134119965136,Gather > Sort > HJ > NL > NL > NL > Seq > IS > IS > IS > Hash > Seq,True,1.108209600488195,7300.063089542038,8090.0,True
tpc_h/q10 DEEP sf10 sel0.001 qid2,pca2d_zorder_morton,CaseB:zorder_morton,1065.6780406044652,1066.0223740851507,Gather > Sort > HJ > NL > NL > NL > Seq > IS > IS > IS > Hash > Seq,True,1.108209600488195,7300.063089542038,8090.0,True
tpc_h/q10 DEEP sf10 sel0.001 qid2,md5_prefix_hash_bucket,CaseB:hyperloglog,1054.7522780969023,1067.3264730721712,Gather > Sort > HJ > NL > NL > NL > Seq > IS > IS > IS > Hash > Seq,True,1.2116459482226187,9802.215721120985,8090.0,True
tpc_h/q10 DEEP sf10 sel0.001 qid2,cum_sqrtf,CaseB:cum_sqrtf,1054.7232906101272,1065.2090759249404,Gather > Sort > HJ > NL > NL > NL > Seq > IS > IS > IS > Hash > Seq,True,1.0895032196725765,7425.402563226249,8090.0,True
tpc_h/q10 DEEP sf10 sel0.001 qid2,takeall_cumsqrtf,CaseB:lavallee_hidiroglou,1060.578131600498,1056.7928449017927,Gather > Sort > HJ > NL > NL > NL > Seq > IS > IS > IS > Hash > Seq,True,1.052481612785757,8514.576247436775,8090.0,True
tpc_h/q10 DEEP sf10 sel0.001 qid2,rsvd,CaseB:rsvd,1064.1384028489342,1062.1938890544698,Gather > Sort > HJ > NL > NL > NL > Seq > IS > IS > IS > Hash > Seq,True,1.3210507532864073,6123.9130895420385,8090.0,True
tpc_h/q10 DEEP sf10 sel0.001 qid2,sparse_rp,CaseB:sparse_rp,1067.4171031524356,1068.111247033812,Gather > Sort > HJ > NL > NL > NL > Seq > IS > IS > IS > Hash > Seq,True,1.1162567197962838,7247.4367737525645,8090.0,True
tpc_h/q10 DEEP sf10 sel0.001 qid2,pca2d_equi_depth_grid,CaseB:mhist2,1063.819820052371,1064.425963908434,Gather > Sort > HJ > NL > NL > NL > Seq > IS > IS > IS > Hash > Seq,True,1.2089028412087428,6692.0183526999335,8090.0,True
tpc_h/q10 DEEP sf10 sel0.001 qid2,rabitq_1bit_bucket,CaseB:rabitq_strat,1051.5500191473761,1061.2766549456865,Gather > Sort > HJ > NL > NL > NL > Seq > IS > IS > IS > Hash > Seq,True,1.405598195961868,11371.289405331512,8090.0,True
tpc_h/q12 DEEP sf10 sel0.001 qid0,baseline,baseline,5965.83036121984,6012.764288927428,Gather > Sort > NL > HJ > Seq > Hash > Seq > IOS,False,,,7603.0,False
tpc_h/q12 DEEP sf10 sel0.001 qid0,B1,B1,952.6424227783887,948.3528160490096,Sort > NL > NL > Gather > Seq > IS > IOS,False,,0.0,7603.0,True
tpc_h/q12 DEEP sf10 sel0.001 qid0,oracle,oracle,987.5461851389936,985.794743988663,Gather > Sort > NL > NL > Seq > IS > IOS,True,1.0,7603.0,7603.0,True
tpc_h/q12 DEEP sf10 sel0.001 qid0,pca2d_hilbert_xy2d,CaseB:hilbert_real,984.3073290092154,984.1512329876423,Gather > Sort > NL > NL > Seq > IS > IOS,True,1.1240614854247284,8546.23947368421,7603.0,True
tpc_h/q12 DEEP sf10 sel0.001 qid0,pca4_skilling_hilbert_approx,CaseB:skilling_hilbert,978.4642642435546,980.5238909320906,Gather > Sort > NL > NL > Seq > IS > IOS,True,2.4906379310344824,3052.631578947369,7603.0,True
tpc_h/q12 DEEP sf10 sel0.001 qid0,chao_weighted,CaseB:chao_weighted,981.2134936845933,982.7089660102502,Gather > Sort > NL > NL > Seq > IS > IOS,True,1.0621838235294114,7157.894736842107,7603.0,True
tpc_h/q12 DEEP sf10 sel0.001 qid0,ica_fastica,CaseB:ica_fastica,985.7192189934162,985.5661279289052,Gather > Sort > NL > NL > Seq > IS > IOS,True,7.222849999999999,1052.6315789473686,7603.0,True
tpc_h/q12 DEEP sf10 sel0.001 qid0,pca1d,CaseB:pca1d,990.4777560150251,989.820615039207,Gather > Sort > NL > NL > Seq > IS > IOS,True,2.4076166666666667,3157.8947368421054,7603.0,True
tpc_h/q12 DEEP sf10 sel0.001 qid0,pca2d_zorder_morton,CaseB:zorder_morton,988.8456001197203,988.528746063821,Gather > Sort > NL > NL > Seq > IS > IOS,True,1.80549584049914,4211.031578947369,7603.0,True
tpc_h/q12 DEEP sf10 sel0.001 qid0,md5_prefix_hash_bucket,CaseB:hyperloglog,985.413217693209,983.0045169219375,Gather > Sort > NL > NL > Seq > IS > IOS,True,2.3595651064264205,3222.203947368421,7603.0,True
tpc_h/q12 DEEP sf10 sel0.001 qid0,cum_sqrtf,CaseB:cum_sqrtf,984.8306177703378,989.4401209894568,Gather > Sort > NL > NL > Seq > IS > IOS,True,1.221121289211669,6226.244736842105,7603.0,True
tpc_h/q12 DEEP sf10 sel0.001 qid0,takeall_cumsqrtf,CaseB:lavallee_hidiroglou,976.8761905411689,986.6839880123734,Gather > Sort > NL > NL > Seq > IS > IOS,True,1.4999683303446176,5068.773684210527,7603.0,True
tpc_h/q12 DEEP sf10 sel0.001 qid0,rsvd,CaseB:rsvd,985.0644440963291,986.5112929837778,Gather > Sort > NL > NL > Seq > IS > IOS,True,2.2579503118696467,3367.2131578947374,7603.0,True
tpc_h/q12 DEEP sf10 sel0.001 qid0,sparse_rp,CaseB:sparse_rp,985.5561967616758,984.0933510567993,Gather > Sort > NL > NL > Seq > IS > IOS,True,1.4892481519514145,5105.260657894737,7603.0,True
tpc_h/q12 DEEP sf10 sel0.001 qid0,pca2d_equi_depth_grid,CaseB:mhist2,965.9561244412683,982.0236759260297,Gather > Sort > NL > NL > Seq > IS > IOS,True,2.1994480711036677,3456.7763157894733,7603.0,True
tpc_h/q12 DEEP sf10 sel0.001 qid0,rabitq_1bit_bucket,CaseB:rabitq_strat,986.5654294576066,987.7141650067642,Gather > Sort > NL > NL > Seq > IS > IOS,True,5.717525573258554,1329.771052631579,7603.0,True
tpc_h/q12 DEEP sf10 sel0.001 qid1,baseline,baseline,5364.983943058178,5983.892088988796,Gather > Sort > NL > HJ > Seq > Hash > Seq > IOS,False,,,8013.0,False
tpc_h/q12 DEEP sf10 sel0.001 qid1,B1,B1,899.2288649046363,986.8299650261179,Gather > Sort > NL > NL > Seq > IS > IOS,True,1.9281281249999997,4155.844155844156,8013.0,True
tpc_h/q12 DEEP sf10 sel0.001 qid1,oracle,oracle,901.6655968376793,982.3375639971346,Gather > Sort > NL > NL > Seq > IS > IOS,True,1.0,8013.0,8013.0,True
tpc_h/q12 DEEP sf10 sel0.001 qid1,pca2d_hilbert_xy2d,CaseB:hilbert_real,896.1258508497849,986.843309015967,Gather > Sort > NL > NL > Seq > IS > IOS,True,1.5647436707991327,5120.966551606289,8013.0,True
tpc_h/q12 DEEP sf10 sel0.001 qid1,pca4_skilling_hilbert_approx,CaseB:skilling_hilbert,879.0728790112413,988.3007849566638,Gather > Sort > NL > NL > Seq > IS > IOS,True,1.307059761400379,6130.553656869447,8013.0,True
tpc_h/q12 DEEP sf10 sel0.001 qid1,chao_weighted,CaseB:chao_weighted,889.5604006247595,968.2004860369489,Gather > Sort > NL > NL > Seq > IS > IOS,True,1.9155259803921567,4183.185235816815,8013.0,True
tpc_h/q12 DEEP sf10 sel0.001 qid1,ica_fastica,CaseB:ica_fastica,887.2133462080875,984.1155540198088,Gather > Sort > NL > NL > Seq > IS > IOS,True,1.0915279883830995,7341.085235816816,8013.0,True
tpc_h/q12 DEEP sf10 sel0.001 qid1,pca1d,CaseB:pca1d,876.3013368544097,986.7808140115812,Gather > Sort > NL > NL > Seq > IS > IOS,True,1.0994109537653567,7288.448393711553,8013.0,True
tpc_h/q12 DEEP sf10 sel0.001 qid1,pca2d_zorder_morton,CaseB:zorder_morton,855.2603580845663,816.9570739846677,Gather > Sort > NL > NL > Seq > IS > IOS,True,2.559621893607304,3130.5404989747094,8013.0,True
tpc_h/q12 DEEP sf10 sel0.001 qid1,md5_prefix_hash_bucket,CaseB:hyperloglog,941.6562070926794,987.6000710064545,Gather > Sort > NL > NL > Seq > IS > IOS,True,1.7018288104677208,4708.464183185237,8013.0,True
tpc_h/q12 DEEP sf10 sel0.001 qid1,cum_sqrtf,CaseB:cum_sqrtf,851.5876333784455,863.6227879906073,Gather > Sort > NL > NL > Seq > IS > IOS,True,1.5038869653448967,5328.19299897471,8013.0,True
tpc_h/q12 DEEP sf10 sel0.001 qid1,takeall_cumsqrtf,CaseB:lavallee_hidiroglou,888.4614986152603,969.3328589200974,Gather > Sort > NL > NL > Seq > IS > IOS,True,1.3834182154167602,5792.174709501025,8013.0,True
tpc_h/q12 DEEP sf10 sel0.001 qid1,rsvd,CaseB:rsvd,918.9277640812529,993.1558939861134,Gather > Sort > NL > NL > Seq > IS > IOS,True,1.0057284748641793,7967.359183185235,8013.0,True
tpc_h/q12 DEEP sf10 sel0.001 qid1,sparse_rp,CaseB:sparse_rp,913.4751567796159,983.6885470431298,Gather > Sort > NL > NL > Seq > IS > IOS,True,1.3102417090682867,10498.966814764182,8013.0,True
tpc_h/q12 DEEP sf10 sel0.001 qid1,pca2d_equi_depth_grid,CaseB:mhist2,876.4906795964075,975.855465978384,Gather > Sort > NL > NL > Seq > IS > IOS,True,1.8402294156278782,4354.3483937115525,8013.0,True
tpc_h/q12 DEEP sf10 sel0.001 qid1,rabitq_1bit_bucket,CaseB:rabitq_strat,891.2099721716144,926.8725999863818,Gather > Sort > NL > NL > Seq > IS > IOS,True,1.1546707644558638,6939.64049897471,8013.0,True
tpc_h/q12 DEEP sf10 sel0.001 qid2,baseline,baseline,5313.890977529809,5988.688534940593,Gather > Sort > NL > HJ > Seq > Hash > Seq > IOS,False,,,8090.0,False
tpc_h/q12 DEEP sf10 sel0.001 qid2,B1,B1,830.220381075588,737.8685810836032,Gather > Sort > NL > NL > Seq > IS > IOS,True,1.2842534474178482,10389.610389610392,8090.0,True
tpc_h/q12 DEEP sf10 sel0.001 qid2,oracle,oracle,867.1943497342559,981.1476789182052,Gather > Sort > NL > NL > Seq > IS > IOS,True,1.0,8090.0,8090.0,True
tpc_h/q12 DEEP sf10 sel0.001 qid2,pca2d_hilbert_xy2d,CaseB:hilbert_real,827.9019857022481,732.6951150316745,Gather > Sort > NL > NL > Seq > IS > IOS,True,1.1625177197404117,9404.768352699932,8090.0,True
tpc_h/q12 DEEP sf10 sel0.001 qid2,pca4_skilling_hilbert_approx,CaseB:skilling_hilbert,858.2648144802079,924.3537379661575,Gather > Sort > NL > NL > Seq > IS > IOS,True,1.2927024832561234,10457.963089542038,8090.0,True
tpc_h/q12 DEEP sf10 sel0.001 qid2,chao_weighted,CaseB:chao_weighted,864.2802035991245,922.378052957356,Gather > Sort > NL > NL > Seq > IS > IOS,True,1.1495758161557397,9300.068352699935,8090.0,True
tpc_h/q12 DEEP sf10 sel0.001 qid2,ica_fastica,CaseB:ica_fastica,864.3262731448675,904.0157810086384,Gather > Sort > NL > NL > Seq > IS > IOS,True,1.2927024832561234,10457.963089542038,8090.0,True
tpc_h/q12 DEEP sf10 sel0.001 qid2,pca1d,CaseB:pca1d,850.5522189124559,855.459337006323,Gather > Sort > NL > NL > Seq > IS > IOS,True,1.108209600488195,7300.063089542038,8090.0,True
tpc_h/q12 DEEP sf10 sel0.001 qid2,pca2d_zorder_morton,CaseB:zorder_morton,847.5368400910296,736.1517220269889,Gather > Sort > NL > NL > Seq > IS > IOS,True,1.108209600488195,7300.063089542038,8090.0,True
tpc_h/q12 DEEP sf10 sel0.001 qid2,md5_prefix_hash_bucket,CaseB:hyperloglog,863.5184404511864,920.4371829982847,Gather > Sort > NL > NL > Seq > IS > IOS,True,1.2116459482226187,9802.215721120985,8090.0,True
tpc_h/q12 DEEP sf10 sel0.001 qid2,cum_sqrtf,CaseB:cum_sqrtf,850.9455760761809,783.0540159484372,Gather > Sort > NL > NL > Seq > IS > IOS,True,1.0895032196725765,7425.402563226249,8090.0,True
tpc_h/q12 DEEP sf10 sel0.001 qid2,takeall_cumsqrtf,CaseB:lavallee_hidiroglou,851.271254171689,773.4565089922398,Gather > Sort > NL > NL > Seq > IS > IOS,True,1.052481612785757,8514.576247436775,8090.0,True
tpc_h/q12 DEEP sf10 sel0.001 qid2,rsvd,CaseB:rsvd,843.4077475416975,751.8878739792854,Gather > Sort > NL > NL > Seq > IS > IOS,True,1.3210507532864073,6123.9130895420385,8090.0,True
tpc_h/q12 DEEP sf10 sel0.001 qid2,sparse_rp,CaseB:sparse_rp,847.890279837884,845.9038019645959,Gather > Sort > NL > NL > Seq > IS > IOS,True,1.1162567197962838,7247.4367737525645,8090.0,True
tpc_h/q12 DEEP sf10 sel0.001 qid2,pca2d_equi_depth_grid,CaseB:mhist2,822.725187216957,739.050820004195,Gather > Sort > NL > NL > Seq > IS > IOS,True,1.2089028412087428,6692.0183526999335,8090.0,True
tpc_h/q12 DEEP sf10 sel0.001 qid2,rabitq_1bit_bucket,CaseB:rabitq_strat,858.7297853709271,910.1255480200052,Gather > Sort > NL > NL > Seq > IS > IOS,True,1.405598195961868,11371.289405331512,8090.0,True
tpc_h/q3 DEEP sf10 sel0.001 qid0,baseline,baseline,7242.238642620998,7248.714011977427,Gather > Sort > HJ > HJ > Seq > Hash > HJ > Seq > Hash > Seq > Hash >…,False,,,7603.0,False
tpc_h/q3 DEEP sf10 sel0.001 qid0,B1,B1,1018.0815099290787,1070.1002069981769,Sort > Gather > NL > NL > NL > Seq > IS > IS > IS,False,,0.0,7603.0,True
tpc_h/q3 DEEP sf10 sel0.001 qid0,oracle,oracle,999.9758604054267,1105.3400930250064,Gather > Sort > NL > NL > NL > Seq > IS > IS > IS,True,1.0,7603.0,7603.0,True
tpc_h/q3 DEEP sf10 sel0.001 qid0,pca2d_hilbert_xy2d,CaseB:hilbert_real,1063.7511188307633,1141.147427028045,Gather > Sort > HJ > Seq > Hash > NL > NL > Seq > IS > IS,False,1.1240614854247284,8546.23947368421,7603.0,True
tpc_h/q3 DEEP sf10 sel0.001 qid0,pca4_skilling_hilbert_approx,CaseB:skilling_hilbert,979.6966890034338,1100.5508080124855,Gather > Sort > NL > NL > NL > Seq > IS > IS > IS,True,2.4906379310344824,3052.631578947369,7603.0,True
tpc_h/q3 DEEP sf10 sel0.001 qid0,chao_weighted,CaseB:chao_weighted,927.0522288458708,808.3857439924031,Gather > Sort > NL > NL > NL > Seq > IS > IS > IS,True,1.0621838235294114,7157.894736842107,7603.0,True
tpc_h/q3 DEEP sf10 sel0.001 qid0,ica_fastica,CaseB:ica_fastica,932.4707963163606,829.8202540026978,Gather > Sort > NL > NL > NL > Seq > IS > IS > IS,True,7.222849999999999,1052.6315789473686,7603.0,True
tpc_h/q3 DEEP sf10 sel0.001 qid0,pca1d,CaseB:pca1d,950.1444397476287,1032.2679879609495,Gather > Sort > NL > NL > NL > Seq > IS > IS > IS,True,2.4076166666666667,3157.8947368421054,7603.0,True
tpc_h/q3 DEEP sf10 sel0.001 qid0,pca2d_zorder_morton,CaseB:zorder_morton,1020.8119997718873,1097.7062080055475,Gather > Sort > NL > NL > NL > Seq > IS > IS > IS,True,1.80549584049914,4211.031578947369,7603.0,True
tpc_h/q3 DEEP sf10 sel0.001 qid0,md5_prefix_hash_bucket,CaseB:hyperloglog,1021.7454423859285,1103.8051929790527,Gather > Sort > NL > NL > NL > Seq > IS > IS > IS,True,2.3595651064264205,3222.203947368421,7603.0,True
tpc_h/q3 DEEP sf10 sel0.001 qid0,cum_sqrtf,CaseB:cum_sqrtf,990.0084272958338,1096.8163689831272,Gather > Sort > NL > NL > NL > Seq > IS > IS > IS,True,1.221121289211669,6226.244736842105,7603.0,True
tpc_h/q3 DEEP sf10 sel0.001 qid0,takeall_cumsqrtf,CaseB:lavallee_hidiroglou,984.6657003956632,1096.686972072348,Gather > Sort > NL > NL > NL > Seq > IS > IS > IS,True,1.4999683303446176,5068.773684210527,7603.0,True
tpc_h/q3 DEEP sf10 sel0.001 qid0,rsvd,CaseB:rsvd,1008.6808846188852,1108.3136040251702,Gather > Sort > NL > NL > NL > Seq > IS > IS > IS,True,2.2579503118696467,3367.2131578947374,7603.0,True
tpc_h/q3 DEEP sf10 sel0.001 qid0,sparse_rp,CaseB:sparse_rp,1032.0928423092341,1106.3589371042326,Gather > Sort > NL > NL > NL > Seq > IS > IS > IS,True,1.4892481519514145,5105.260657894737,7603.0,True
tpc_h/q3 DEEP sf10 sel0.001 qid0,pca2d_equi_depth_grid,CaseB:mhist2,944.5320349992611,1018.8763089245185,Gather > Sort > NL > NL > NL > Seq > IS > IS > IS,True,2.1994480711036677,3456.7763157894733,7603.0,True
tpc_h/q3 DEEP sf10 sel0.001 qid0,rabitq_1bit_bucket,CaseB:rabitq_strat,1006.403743629702,1097.1549149835482,Gather > Sort > NL > NL > NL > Seq > IS > IS > IS,True,5.717525573258554,1329.771052631579,7603.0,True
tpc_h/q3 DEEP sf10 sel0.001 qid1,baseline,baseline,6819.946761135585,6206.5469060325995,Gather > Sort > HJ > HJ > Seq > Hash > HJ > Seq > Hash > Seq > Hash >…,False,,,8013.0,False
tpc_h/q3 DEEP sf10 sel0.001 qid1,B1,B1,936.7580147854125,885.5602369876578,Gather > Sort > NL > NL > NL > Seq > IS > IS > IS,True,1.9281281249999997,4155.844155844156,8013.0,True
tpc_h/q3 DEEP sf10 sel0.001 qid1,oracle,oracle,935.4200064688205,830.824182019569,Gather > Sort > NL > NL > NL > Seq > IS > IS > IS,True,1.0,8013.0,8013.0,True
tpc_h/q3 DEEP sf10 sel0.001 qid1,pca2d_hilbert_xy2d,CaseB:hilbert_real,917.4630386092199,836.1716929357499,Gather > Sort > NL > NL > NL > Seq > IS > IS > IS,True,1.5647436707991327,5120.966551606289,8013.0,True
tpc_h/q3 DEEP sf10 sel0.001 qid1,pca4_skilling_hilbert_approx,CaseB:skilling_hilbert,906.1533572116437,817.1942729968578,Gather > Sort > NL > NL > NL > Seq > IS > IS > IS,True,1.307059761400379,6130.553656869447,8013.0,True
tpc_h/q3 DEEP sf10 sel0.001 qid1,chao_weighted,CaseB:chao_weighted,1000.3135630037062,1103.355039958842,Gather > Sort > NL > NL > NL > Seq > IS > IS > IS,True,1.9155259803921567,4183.185235816815,8013.0,True
tpc_h/q3 DEEP sf10 sel0.001 qid1,ica_fastica,CaseB:ica_fastica,950.1878603343637,881.0104080475867,Gather > Sort > NL > NL > NL > Seq > IS > IS > IS,True,1.0915279883830995,7341.085235816816,8013.0,True
tpc_h/q3 DEEP sf10 sel0.001 qid1,pca1d,CaseB:pca1d,949.2216852601044,895.03414707724,Gather > Sort > NL > NL > NL > Seq > IS > IS > IS,True,1.0994109537653567,7288.448393711553,8013.0,True
tpc_h/q3 DEEP sf10 sel0.001 qid1,pca2d_zorder_morton,CaseB:zorder_morton,963.5927548291735,1020.446750917472,Gather > Sort > NL > NL > NL > Seq > IS > IS > IS,True,2.559621893607304,3130.5404989747094,8013.0,True
tpc_h/q3 DEEP sf10 sel0.001 qid1,md5_prefix_hash_bucket,CaseB:hyperloglog,949.5742640708788,821.8107690336183,Gather > Sort > NL > NL > NL > Seq > IS > IS > IS,True,1.7018288104677208,4708.464183185237,8013.0,True
tpc_h/q3 DEEP sf10 sel0.001 qid1,cum_sqrtf,CaseB:cum_sqrtf,874.3612035535849,828.2709560589865,Gather > Sort > NL > NL > NL > Seq > IS > IS > IS,True,1.5038869653448967,5328.19299897471,8013.0,True
tpc_h/q3 DEEP sf10 sel0.001 qid1,takeall_cumsqrtf,CaseB:lavallee_hidiroglou,982.3214600865657,1055.1688380073756,Gather > Sort > NL > NL > NL > Seq > IS > IS > IS,True,1.3834182154167602,5792.174709501025,8013.0,True
tpc_h/q3 DEEP sf10 sel0.001 qid1,rsvd,CaseB:rsvd,917.8875917479253,824.4263529777527,Gather > Sort > NL > NL > NL > Seq > IS > IS > IS,True,1.0057284748641793,7967.359183185235,8013.0,True
tpc_h/q3 DEEP sf10 sel0.001 qid1,sparse_rp,CaseB:sparse_rp,1005.8097269099492,970.7581299589947,Gather > Sort > HJ > Seq > Hash > NL > NL > Seq > IS > IS,False,1.3102417090682867,10498.966814764182,8013.0,True
tpc_h/q3 DEEP sf10 sel0.001 qid1,pca2d_equi_depth_grid,CaseB:mhist2,922.7989161602006,842.2372840577736,Gather > Sort > NL > NL > NL > Seq > IS > IS > IS,True,1.8402294156278782,4354.3483937115525,8013.0,True
tpc_h/q3 DEEP sf10 sel0.001 qid1,rabitq_1bit_bucket,CaseB:rabitq_strat,1004.4224722704922,1089.9721920723096,Gather > Sort > NL > NL > NL > Seq > IS > IS > IS,True,1.1546707644558638,6939.64049897471,8013.0,True
tpc_h/q3 DEEP sf10 sel0.001 qid2,baseline,baseline,8119.325303212883,8334.907609969378,Gather > Sort > HJ > HJ > Seq > Hash > HJ > Seq > Hash > Seq > Hash >…,False,,,8090.0,False
tpc_h/q3 DEEP sf10 sel0.001 qid2,B1,B1,1217.4733545129689,1217.1469039749354,Gather > Sort > HJ > Seq > Hash > NL > NL > Seq > IS > IS,False,1.2842534474178482,10389.610389610392,8090.0,True
tpc_h/q3 DEEP sf10 sel0.001 qid2,oracle,oracle,1097.054929114305,1123.5384949250147,Gather > Sort > NL > NL > NL > Seq > IS > IS > IS,True,1.0,8090.0,8090.0,True
tpc_h/q3 DEEP sf10 sel0.001 qid2,pca2d_hilbert_xy2d,CaseB:hilbert_real,1169.412591539395,1223.0424630688503,Gather > Sort > HJ > Seq > Hash > NL > NL > Seq > IS > IS,False,1.1625177197404117,9404.768352699932,8090.0,True
tpc_h/q3 DEEP sf10 sel0.001 qid2,pca4_skilling_hilbert_approx,CaseB:skilling_hilbert,1202.8232473933783,1226.0867280419916,Gather > Sort > HJ > Seq > Hash > NL > NL > Seq > IS > IS,False,1.2927024832561234,10457.963089542038,8090.0,True
tpc_h/q3 DEEP sf10 sel0.001 qid2,chao_weighted,CaseB:chao_weighted,1134.8996351723774,1211.4696810021996,Gather > Sort > HJ > Seq > Hash > NL > NL > Seq > IS > IS,False,1.1495758161557397,9300.068352699935,8090.0,True
tpc_h/q3 DEEP sf10 sel0.001 qid2,ica_fastica,CaseB:ica_fastica,1197.0441544500109,1213.0211089970544,Gather > Sort > HJ > Seq > Hash > NL > NL > Seq > IS > IS,False,1.2927024832561234,10457.963089542038,8090.0,True
tpc_h/q3 DEEP sf10 sel0.001 qid2,pca1d,CaseB:pca1d,1080.4769119982107,1123.825185932219,Gather > Sort > NL > NL > NL > Seq > IS > IS > IS,True,1.108209600488195,7300.063089542038,8090.0,True
tpc_h/q3 DEEP sf10 sel0.001 qid2,pca2d_zorder_morton,CaseB:zorder_morton,1105.3634153840203,1131.1141930054873,Gather > Sort > NL > NL > NL > Seq > IS > IS > IS,True,1.108209600488195,7300.063089542038,8090.0,True
tpc_h/q3 DEEP sf10 sel0.001 qid2,md5_prefix_hash_bucket,CaseB:hyperloglog,1162.346746226271,1219.6356760105118,Gather > Sort > HJ > Seq > Hash > NL > NL > Seq > IS > IS,False,1.2116459482226187,9802.215721120985,8090.0,True
tpc_h/q3 DEEP sf10 sel0.001 qid2,cum_sqrtf,CaseB:cum_sqrtf,1094.5999038298255,1119.4954949896783,Gather > Sort > NL > NL > NL > Seq > IS > IS > IS,True,1.0895032196725765,7425.402563226249,8090.0,True
tpc_h/q3 DEEP sf10 sel0.001 qid2,takeall_cumsqrtf,CaseB:lavallee_hidiroglou,1074.9710357139031,1121.186863980256,Gather > Sort > NL > NL > NL > Seq > IS > IS > IS,True,1.052481612785757,8514.576247436775,8090.0,True
tpc_h/q3 DEEP sf10 sel0.001 qid2,rsvd,CaseB:rsvd,1099.6042068313377,1122.671737917699,Gather > Sort > NL > NL > NL > Seq > IS > IS > IS,True,1.3210507532864073,6123.9130895420385,8090.0,True
tpc_h/q3 DEEP sf10 sel0.001 qid2,sparse_rp,CaseB:sparse_rp,1100.3508648405282,1122.4277310539037,Gather > Sort > NL > NL > NL > Seq > IS > IS > IS,True,1.1162567197962838,7247.4367737525645,8090.0,True
tpc_h/q3 DEEP sf10 sel0.001 qid2,pca2d_equi_depth_grid,CaseB:mhist2,1070.6855114728498,1127.4032529909164,Gather > Sort > NL > NL > NL > Seq > IS > IS > IS,True,1.2089028412087428,6692.0183526999335,8090.0,True
tpc_h/q3 DEEP sf10 sel0.001 qid2,rabitq_1bit_bucket,CaseB:rabitq_strat,1156.206449153475,1205.6973640574142,Gather > Sort > HJ > Seq > Hash > NL > NL > Seq > IS > IS,False,1.405598195961868,11371.289405331512,8090.0,True
tpc_h/q9 DEEP sf10 sel0.001 qid0,baseline,baseline,2691.3302009298395,2690.4747899388894,Lim > Sort > Agg > Gather > Sort > HJ > HJ > Seq > Hash > NL > HJ > H…,False,,,7603.0,False
tpc_h/q9 DEEP sf10 sel0.001 qid0,B1,B1,894.6436603123752,893.7416619155556,Lim > Agg > Sort > Subquery Scan > Sort > NL > NL > NL > NL > NL > Ga…,False,,0.0,7603.0,True
tpc_h/q9 DEEP sf10 sel0.001 qid0,oracle,oracle,912.2588514672735,914.736300939694,Lim > Agg > Sort > Subquery Scan > Gather > Sort > NL > NL > HJ > NL …,True,1.0,7603.0,7603.0,True
tpc_h/q9 DEEP sf10 sel0.001 qid0,pca2d_hilbert_xy2d,CaseB:hilbert_real,908.2554135328302,907.4940930586308,Lim > Agg > Sort > Subquery Scan > Gather > Sort > NL > NL > HJ > NL …,True,1.1240614854247284,8546.23947368421,7603.0,True
tpc_h/q9 DEEP sf10 sel0.001 qid0,pca4_skilling_hilbert_approx,CaseB:skilling_hilbert,915.8998411686088,917.1254070242867,Lim > Agg > Sort > Subquery Scan > Gather > Sort > NL > NL > HJ > NL …,True,2.4906379310344824,3052.631578947369,7603.0,True
tpc_h/q9 DEEP sf10 sel0.001 qid0,chao_weighted,CaseB:chao_weighted,902.8795370832086,902.5532600935549,Lim > Agg > Sort > Subquery Scan > Gather > Sort > NL > NL > HJ > NL …,True,1.0621838235294114,7157.894736842107,7603.0,True
tpc_h/q9 DEEP sf10 sel0.001 qid0,ica_fastica,CaseB:ica_fastica,905.727631618412,903.8597779581323,Lim > Agg > Sort > Subquery Scan > Gather > Sort > NL > NL > HJ > NL …,True,7.222849999999999,1052.6315789473686,7603.0,True
tpc_h/q9 DEEP sf10 sel0.001 qid0,pca1d,CaseB:pca1d,907.4533301441429,904.4504798948765,Lim > Agg > Sort > Subquery Scan > Gather > Sort > NL > NL > HJ > NL …,True,2.4076166666666667,3157.8947368421054,7603.0,True
tpc_h/q9 DEEP sf10 sel0.001 qid0,pca2d_zorder_morton,CaseB:zorder_morton,906.0233716960423,904.6348959673196,Lim > Agg > Sort > Subquery Scan > Gather > Sort > NL > NL > HJ > NL …,True,1.80549584049914,4211.031578947369,7603.0,True
tpc_h/q9 DEEP sf10 sel0.001 qid0,md5_prefix_hash_bucket,CaseB:hyperloglog,906.4203512210113,906.1463529942557,Lim > Agg > Sort > Subquery Scan > Gather > Sort > NL > NL > HJ > NL …,True,2.3595651064264205,3222.203947368421,7603.0,True
tpc_h/q9 DEEP sf10 sel0.001 qid0,cum_sqrtf,CaseB:cum_sqrtf,904.1781502310187,906.343049951829,Lim > Agg > Sort > Subquery Scan > Gather > Sort > NL > NL > HJ > NL …,True,1.221121289211669,6226.244736842105,7603.0,True
tpc_h/q9 DEEP sf10 sel0.001 qid0,takeall_cumsqrtf,CaseB:lavallee_hidiroglou,907.5311157010639,903.8792490027845,Lim > Agg > Sort > Subquery Scan > Gather > Sort > NL > NL > HJ > NL …,True,1.4999683303446176,5068.773684210527,7603.0,True
tpc_h/q9 DEEP sf10 sel0.001 qid0,rsvd,CaseB:rsvd,902.1368604601146,899.0210409974679,Lim > Agg > Sort > Subquery Scan > Gather > Sort > NL > NL > HJ > NL …,True,2.2579503118696467,3367.2131578947374,7603.0,True
tpc_h/q9 DEEP sf10 sel0.001 qid0,sparse_rp,CaseB:sparse_rp,903.5806741493826,905.0590980332345,Lim > Agg > Sort > Subquery Scan > Gather > Sort > NL > NL > HJ > NL …,True,1.4892481519514145,5105.260657894737,7603.0,True
tpc_h/q9 DEEP sf10 sel0.001 qid0,pca2d_equi_depth_grid,CaseB:mhist2,904.8995487123298,905.5680230958387,Lim > Agg > Sort > Subquery Scan > Gather > Sort > NL > NL > HJ > NL …,True,2.1994480711036677,3456.7763157894733,7603.0,True
tpc_h/q9 DEEP sf10 sel0.001 qid0,rabitq_1bit_bucket,CaseB:rabitq_strat,903.2265070664624,899.6351100504398,Lim > Agg > Sort > Subquery Scan > Gather > Sort > NL > NL > HJ > NL …,True,5.717525573258554,1329.771052631579,7603.0,True
tpc_h/q9 DEEP sf10 sel0.001 qid1,baseline,baseline,2417.0675044342015,2682.4217789107934,Lim > Sort > Agg > Gather > Sort > HJ > HJ > Seq > Hash > NL > HJ > H…,False,,,8013.0,False
tpc_h/q9 DEEP sf10 sel0.001 qid1,B1,B1,860.9142776292103,906.6258929669857,Lim > Agg > Sort > Subquery Scan > Gather > Sort > NL > NL > HJ > NL …,True,1.9281281249999997,4155.844155844156,8013.0,True
tpc_h/q9 DEEP sf10 sel0.001 qid1,oracle,oracle,825.9000381669746,903.0379900941625,Lim > Agg > Sort > Subquery Scan > Gather > Sort > NL > NL > HJ > NL …,True,1.0,8013.0,8013.0,True
tpc_h/q9 DEEP sf10 sel0.001 qid1,pca2d_hilbert_xy2d,CaseB:hilbert_real,843.9885583043529,906.0216570505872,Lim > Agg > Sort > Subquery Scan > Gather > Sort > NL > NL > HJ > NL …,True,1.5647436707991327,5120.966551606289,8013.0,True
tpc_h/q9 DEEP sf10 sel0.001 qid1,pca4_skilling_hilbert_approx,CaseB:skilling_hilbert,840.8964096228234,902.007105993107,Lim > Agg > Sort > Subquery Scan > Gather > Sort > NL > NL > HJ > NL …,True,1.307059761400379,6130.553656869447,8013.0,True
tpc_h/q9 DEEP sf10 sel0.001 qid1,chao_weighted,CaseB:chao_weighted,825.9685594463148,898.2556229457259,Lim > Agg > Sort > Subquery Scan > Gather > Sort > NL > NL > HJ > NL …,True,1.9155259803921567,4183.185235816815,8013.0,True
tpc_h/q9 DEEP sf10 sel0.001 qid1,ica_fastica,CaseB:ica_fastica,833.5508536189221,897.8208960033953,Lim > Agg > Sort > Subquery Scan > Gather > Sort > NL > NL > HJ > NL …,True,1.0915279883830995,7341.085235816816,8013.0,True
tpc_h/q9 DEEP sf10 sel0.001 qid1,pca1d,CaseB:pca1d,855.63008277677,900.7937479764223,Lim > Agg > Sort > Subquery Scan > Gather > Sort > NL > NL > HJ > NL …,True,1.0994109537653567,7288.448393711553,8013.0,True
tpc_h/q9 DEEP sf10 sel0.001 qid1,pca2d_zorder_morton,CaseB:zorder_morton,839.6640397841111,901.3597830198705,Lim > Agg > Sort > Subquery Scan > Gather > Sort > NL > NL > HJ > NL …,True,2.559621893607304,3130.5404989747094,8013.0,True
tpc_h/q9 DEEP sf10 sel0.001 qid1,md5_prefix_hash_bucket,CaseB:hyperloglog,815.3317294513377,898.5498399706557,Lim > Agg > Sort > Subquery Scan > Gather > Sort > NL > NL > HJ > NL …,True,1.7018288104677208,4708.464183185237,8013.0,True
tpc_h/q9 DEEP sf10 sel0.001 qid1,cum_sqrtf,CaseB:cum_sqrtf,837.886646998903,905.9752789326012,Lim > Agg > Sort > Subquery Scan > Gather > Sort > NL > NL > HJ > NL …,True,1.5038869653448967,5328.19299897471,8013.0,True
tpc_h/q9 DEEP sf10 sel0.001 qid1,takeall_cumsqrtf,CaseB:lavallee_hidiroglou,838.1152358532955,905.4448269307613,Lim > Agg > Sort > Subquery Scan > Gather > Sort > NL > NL > HJ > NL …,True,1.3834182154167602,5792.174709501025,8013.0,True
tpc_h/q9 DEEP sf10 sel0.001 qid1,rsvd,CaseB:rsvd,838.4460081310513,902.1821109345183,Lim > Agg > Sort > Subquery Scan > Gather > Sort > NL > NL > HJ > NL …,True,1.0057284748641793,7967.359183185235,8013.0,True
tpc_h/q9 DEEP sf10 sel0.001 qid1,sparse_rp,CaseB:sparse_rp,830.3143525352845,903.0572399497032,Lim > Agg > Sort > Subquery Scan > Gather > Sort > NL > NL > HJ > NL …,True,1.3102417090682867,10498.966814764182,8013.0,True
tpc_h/q9 DEEP sf10 sel0.001 qid1,pca2d_equi_depth_grid,CaseB:mhist2,804.7918020747602,897.6087749470025,Lim > Agg > Sort > Subquery Scan > Gather > Sort > NL > NL > HJ > NL …,True,1.8402294156278782,4354.3483937115525,8013.0,True
tpc_h/q9 DEEP sf10 sel0.001 qid1,rabitq_1bit_bucket,CaseB:rabitq_strat,811.3811272375572,893.3324620593339,Lim > Agg > Sort > Subquery Scan > Gather > Sort > NL > NL > HJ > NL …,True,1.1546707644558638,6939.64049897471,8013.0,True
tpc_h/q9 DEEP sf10 sel0.001 qid2,baseline,baseline,2650.9714973732257,2700.478027923964,Lim > Sort > Agg > Gather > Sort > HJ > HJ > Seq > Hash > NL > HJ > H…,False,,,8090.0,False
tpc_h/q9 DEEP sf10 sel0.001 qid2,B1,B1,915.287542828502,916.1235250066966,Lim > Agg > Sort > Subquery Scan > Gather > Sort > NL > NL > HJ > NL …,True,1.2842534474178482,10389.610389610392,8090.0,True
tpc_h/q9 DEEP sf10 sel0.001 qid2,oracle,oracle,894.4372242907635,909.3190459534526,Lim > Agg > Sort > Subquery Scan > Gather > Sort > NL > NL > HJ > NL …,True,1.0,8090.0,8090.0,True
tpc_h/q9 DEEP sf10 sel0.001 qid2,pca2d_hilbert_xy2d,CaseB:hilbert_real,914.0791732531327,914.2595799639821,Lim > Agg > Sort > Subquery Scan > Gather > Sort > NL > NL > HJ > NL …,True,1.1625177197404117,9404.768352699932,8090.0,True
tpc_h/q9 DEEP sf10 sel0.001 qid2,pca4_skilling_hilbert_approx,CaseB:skilling_hilbert,893.5824410470489,908.2312079844996,Lim > Agg > Sort > Subquery Scan > Gather > Sort > NL > NL > HJ > NL …,True,1.2927024832561234,10457.963089542038,8090.0,True
tpc_h/q9 DEEP sf10 sel0.001 qid2,chao_weighted,CaseB:chao_weighted,918.623362435028,919.8194990167394,Lim > Agg > Sort > Subquery Scan > Gather > Sort > NL > NL > HJ > NL …,True,1.1495758161557397,9300.068352699935,8090.0,True
tpc_h/q9 DEEP sf10 sel0.001 qid2,ica_fastica,CaseB:ica_fastica,904.3860338592472,906.245177029632,Lim > Agg > Sort > Subquery Scan > Gather > Sort > NL > NL > HJ > NL …,True,1.2927024832561234,10457.963089542038,8090.0,True
tpc_h/q9 DEEP sf10 sel0.001 qid2,pca1d,CaseB:pca1d,884.0835891449108,908.208392909728,Lim > Agg > Sort > Subquery Scan > Gather > Sort > NL > NL > HJ > NL …,True,1.108209600488195,7300.063089542038,8090.0,True
tpc_h/q9 DEEP sf10 sel0.001 qid2,pca2d_zorder_morton,CaseB:zorder_morton,896.6035705435878,909.5689960522577,Lim > Agg > Sort > Subquery Scan > Gather > Sort > NL > NL > HJ > NL …,True,1.108209600488195,7300.063089542038,8090.0,True
tpc_h/q9 DEEP sf10 sel0.001 qid2,md5_prefix_hash_bucket,CaseB:hyperloglog,908.7611216998014,910.7074160128832,Lim > Agg > Sort > Subquery Scan > Gather > Sort > NL > NL > HJ > NL …,True,1.2116459482226187,9802.215721120985,8090.0,True
tpc_h/q9 DEEP sf10 sel0.001 qid2,cum_sqrtf,CaseB:cum_sqrtf,914.6385841393986,913.8108380138874,Lim > Agg > Sort > Subquery Scan > Gather > Sort > NL > NL > HJ > NL …,True,1.0895032196725765,7425.402563226249,8090.0,True
tpc_h/q9 DEEP sf10 sel0.001 qid2,takeall_cumsqrtf,CaseB:lavallee_hidiroglou,918.0961240781471,918.5429849894717,Lim > Agg > Sort > Subquery Scan > Gather > Sort > NL > NL > HJ > NL …,True,1.052481612785757,8514.576247436775,8090.0,True
tpc_h/q9 DEEP sf10 sel0.001 qid2,rsvd,CaseB:rsvd,893.3089691339634,914.075109991245,Lim > Agg > Sort > Subquery Scan > Gather > Sort > NL > NL > HJ > NL …,True,1.3210507532864073,6123.9130895420385,8090.0,True
tpc_h/q9 DEEP sf10 sel0.001 qid2,sparse_rp,CaseB:sparse_rp,914.790315929657,911.6266990313306,Lim > Agg > Sort > Subquery Scan > Gather > Sort > NL > NL > HJ > NL …,True,1.1162567197962838,7247.4367737525645,8090.0,True
tpc_h/q9 DEEP sf10 sel0.001 qid2,pca2d_equi_depth_grid,CaseB:mhist2,891.2339217674273,916.4392390521243,Lim > Agg > Sort > Subquery Scan > Gather > Sort > NL > NL > HJ > NL …,True,1.2089028412087428,6692.0183526999335,8090.0,True
tpc_h/q9 DEEP sf10 sel0.001 qid2,rabitq_1bit_bucket,CaseB:rabitq_strat,895.2869017912934,909.1921880608425,Lim > Agg > Sort > Subquery Scan > Gather > Sort > NL > NL > HJ > NL …,True,1.405598195961868,11371.289405331512,8090.0,True
